filename,label
C:\Users\clcou\Documents\GitHub\cotton-lumen\detect\..\datasets\Alpha_b-5-1\class\Alpha-b-5-10_0.png,good
C:\Users\clcou\Documents\GitHub\cotton-lumen\detect\..\datasets\Alpha_b-5-1\class\Alpha-b-5-10_15.png,good
C:\Users\clcou\Documents\GitHub\cotton-lumen\detect\..\datasets\Alpha_b-5-1\class\Alpha-b-5-10_21.png,good
C:\Users\clcou\Documents\GitHub\cotton-lumen\detect\..\datasets\Alpha_b-5-1\class\Alpha-b-5-10_29.png,good
C:\Users\clcou\Documents\GitHub\cotton-lumen\detect\..\datasets\Alpha_b-5-1\class\Alpha-b-5-10_30.png,good
C:\Users\clcou\Documents\GitHub\cotton-lumen\detect\..\datasets\Alpha_b-5-1\class\Alpha-b-5-10_36.png,good
C:\Users\clcou\Documents\GitHub\cotton-lumen\detect\..\datasets\Alpha_b-5-1\class\Alpha-b-5-10_44.png,good
C:\Users\clcou\Documents\GitHub\cotton-lumen\detect\..\datasets\Alpha_b-5-1\class\Alpha-b-5-10_5.png,good
C:\Users\clcou\Documents\GitHub\cotton-lumen\detect\..\datasets\Alpha_b-5-1\class\Alpha-b-5-110_10.png,good
C:\Users\clcou\Documents\GitHub\cotton-lumen\detect\..\datasets\Alpha_b-5-1\class\Alpha-b-5-110_15.png,good
C:\Users\clcou\Documents\GitHub\cotton-lumen\detect\..\datasets\Alpha_b-5-1\class\Alpha-b-5-110_17.png,good
C:\Users\clcou\Documents\GitHub\cotton-lumen\detect\..\datasets\Alpha_b-5-1\class\Alpha-b-5-110_18.png,good
C:\Users\clcou\Documents\GitHub\cotton-lumen\detect\..\datasets\Alpha_b-5-1\class\Alpha-b-5-110_2.png,good
C:\Users\clcou\Documents\GitHub\cotton-lumen\detect\..\datasets\Alpha_b-5-1\class\Alpha-b-5-110_21.png,good
C:\Users\clcou\Documents\GitHub\cotton-lumen\detect\..\datasets\Alpha_b-5-1\class\Alpha-b-5-110_22.png,good
C:\Users\clcou\Documents\GitHub\cotton-lumen\detect\..\datasets\Alpha_b-5-1\class\Alpha-b-5-110_25.png,good
C:\Users\clcou\Documents\GitHub\cotton-lumen\detect\..\datasets\Alpha_b-5-1\class\Alpha-b-5-110_32.png,good
C:\Users\clcou\Documents\GitHub\cotton-lumen\detect\..\datasets\Alpha_b-5-1\class\Alpha-b-5-110_33.png,good
C:\Users\clcou\Documents\GitHub\cotton-lumen\detect\..\datasets\Alpha_b-5-1\class\Alpha-b-5-110_34.png,good
C:\Users\clcou\Documents\GitHub\cotton-lumen\detect\..\datasets\Alpha_b-5-1\class\Alpha-b-5-110_36.png,good
C:\Users\clcou\Documents\GitHub\cotton-lumen\detect\..\datasets\Alpha_b-5-1\class\Alpha-b-5-110_5.png,good
C:\Users\clcou\Documents\GitHub\cotton-lumen\detect\..\datasets\Alpha_b-5-1\class\Alpha-b-5-110_7.png,good
C:\Users\clcou\Documents\GitHub\cotton-lumen\detect\..\datasets\Alpha_b-5-1\class\Alpha-b-5-111_10.png,good
C:\Users\clcou\Documents\GitHub\cotton-lumen\detect\..\datasets\Alpha_b-5-1\class\Alpha-b-5-111_21.png,good
C:\Users\clcou\Documents\GitHub\cotton-lumen\detect\..\datasets\Alpha_b-5-1\class\Alpha-b-5-111_22.png,good
C:\Users\clcou\Documents\GitHub\cotton-lumen\detect\..\datasets\Alpha_b-5-1\class\Alpha-b-5-111_25.png,good
C:\Users\clcou\Documents\GitHub\cotton-lumen\detect\..\datasets\Alpha_b-5-1\class\Alpha-b-5-111_26.png,good
C:\Users\clcou\Documents\GitHub\cotton-lumen\detect\..\datasets\Alpha_b-5-1\class\Alpha-b-5-111_27.png,good
C:\Users\clcou\Documents\GitHub\cotton-lumen\detect\..\datasets\Alpha_b-5-1\class\Alpha-b-5-111_28.png,good
C:\Users\clcou\Documents\GitHub\cotton-lumen\detect\..\datasets\Alpha_b-5-1\class\Alpha-b-5-111_31.png,good
C:\Users\clcou\Documents\GitHub\cotton-lumen\detect\..\datasets\Alpha_b-5-1\class\Alpha-b-5-111_32.png,good
C:\Users\clcou\Documents\GitHub\cotton-lumen\detect\..\datasets\Alpha_b-5-1\class\Alpha-b-5-111_37.png,good
C:\Users\clcou\Documents\GitHub\cotton-lumen\detect\..\datasets\Alpha_b-5-1\class\Alpha-b-5-111_38.png,good
C:\Users\clcou\Documents\GitHub\cotton-lumen\detect\..\datasets\Alpha_b-5-1\class\Alpha-b-5-111_42.png,good
C:\Users\clcou\Documents\GitHub\cotton-lumen\detect\..\datasets\Alpha_b-5-1\class\Alpha-b-5-111_44.png,good
C:\Users\clcou\Documents\GitHub\cotton-lumen\detect\..\datasets\Alpha_b-5-1\class\Alpha-b-5-111_45.png,good
C:\Users\clcou\Documents\GitHub\cotton-lumen\detect\..\datasets\Alpha_b-5-1\class\Alpha-b-5-111_47.png,good
C:\Users\clcou\Documents\GitHub\cotton-lumen\detect\..\datasets\Alpha_b-5-1\class\Alpha-b-5-111_50.png,good
C:\Users\clcou\Documents\GitHub\cotton-lumen\detect\..\datasets\Alpha_b-5-1\class\Alpha-b-5-111_52.png,good
C:\Users\clcou\Documents\GitHub\cotton-lumen\detect\..\datasets\Alpha_b-5-1\class\Alpha-b-5-111_55.png,good
C:\Users\clcou\Documents\GitHub\cotton-lumen\detect\..\datasets\Alpha_b-5-1\class\Alpha-b-5-111_56.png,good
C:\Users\clcou\Documents\GitHub\cotton-lumen\detect\..\datasets\Alpha_b-5-1\class\Alpha-b-5-111_60.png,good
C:\Users\clcou\Documents\GitHub\cotton-lumen\detect\..\datasets\Alpha_b-5-1\class\Alpha-b-5-111_64.png,good
C:\Users\clcou\Documents\GitHub\cotton-lumen\detect\..\datasets\Alpha_b-5-1\class\Alpha-b-5-11_15.png,good
C:\Users\clcou\Documents\GitHub\cotton-lumen\detect\..\datasets\Alpha_b-5-1\class\Alpha-b-5-11_2.png,good
C:\Users\clcou\Documents\GitHub\cotton-lumen\detect\..\datasets\Alpha_b-5-1\class\Alpha-b-5-11_22.png,good
C:\Users\clcou\Documents\GitHub\cotton-lumen\detect\..\datasets\Alpha_b-5-1\class\Alpha-b-5-11_32.png,good
C:\Users\clcou\Documents\GitHub\cotton-lumen\detect\..\datasets\Alpha_b-5-1\class\Alpha-b-5-11_33.png,good
C:\Users\clcou\Documents\GitHub\cotton-lumen\detect\..\datasets\Alpha_b-5-1\class\Alpha-b-5-11_34.png,good
C:\Users\clcou\Documents\GitHub\cotton-lumen\detect\..\datasets\Alpha_b-5-1\class\Alpha-b-5-11_38.png,good
C:\Users\clcou\Documents\GitHub\cotton-lumen\detect\..\datasets\Alpha_b-5-1\class\Alpha-b-5-11_4.png,good
C:\Users\clcou\Documents\GitHub\cotton-lumen\detect\..\datasets\Alpha_b-5-1\class\Alpha-b-5-11_40.png,good
C:\Users\clcou\Documents\GitHub\cotton-lumen\detect\..\datasets\Alpha_b-5-1\class\Alpha-b-5-11_45.png,good
C:\Users\clcou\Documents\GitHub\cotton-lumen\detect\..\datasets\Alpha_b-5-1\class\Alpha-b-5-11_50.png,good
C:\Users\clcou\Documents\GitHub\cotton-lumen\detect\..\datasets\Alpha_b-5-1\class\Alpha-b-5-12_18.png,good
C:\Users\clcou\Documents\GitHub\cotton-lumen\detect\..\datasets\Alpha_b-5-1\class\Alpha-b-5-12_20.png,good
C:\Users\clcou\Documents\GitHub\cotton-lumen\detect\..\datasets\Alpha_b-5-1\class\Alpha-b-5-12_27.png,good
C:\Users\clcou\Documents\GitHub\cotton-lumen\detect\..\datasets\Alpha_b-5-1\class\Alpha-b-5-12_29.png,good
C:\Users\clcou\Documents\GitHub\cotton-lumen\detect\..\datasets\Alpha_b-5-1\class\Alpha-b-5-12_32.png,good
C:\Users\clcou\Documents\GitHub\cotton-lumen\detect\..\datasets\Alpha_b-5-1\class\Alpha-b-5-12_33.png,good
C:\Users\clcou\Documents\GitHub\cotton-lumen\detect\..\datasets\Alpha_b-5-1\class\Alpha-b-5-12_36.png,good
C:\Users\clcou\Documents\GitHub\cotton-lumen\detect\..\datasets\Alpha_b-5-1\class\Alpha-b-5-12_5.png,good
C:\Users\clcou\Documents\GitHub\cotton-lumen\detect\..\datasets\Alpha_b-5-1\class\Alpha-b-5-12_6.png,good
C:\Users\clcou\Documents\GitHub\cotton-lumen\detect\..\datasets\Alpha_b-5-1\class\Alpha-b-5-12_7.png,good
C:\Users\clcou\Documents\GitHub\cotton-lumen\detect\..\datasets\Alpha_b-5-1\class\Alpha-b-5-13_26.png,good
C:\Users\clcou\Documents\GitHub\cotton-lumen\detect\..\datasets\Alpha_b-5-1\class\Alpha-b-5-13_28.png,good
C:\Users\clcou\Documents\GitHub\cotton-lumen\detect\..\datasets\Alpha_b-5-1\class\Alpha-b-5-13_31.png,good
C:\Users\clcou\Documents\GitHub\cotton-lumen\detect\..\datasets\Alpha_b-5-1\class\Alpha-b-5-13_36.png,good
C:\Users\clcou\Documents\GitHub\cotton-lumen\detect\..\datasets\Alpha_b-5-1\class\Alpha-b-5-13_7.png,good
C:\Users\clcou\Documents\GitHub\cotton-lumen\detect\..\datasets\Alpha_b-5-1\class\Alpha-b-5-13_8.png,good
C:\Users\clcou\Documents\GitHub\cotton-lumen\detect\..\datasets\Alpha_b-5-1\class\Alpha-b-5-14_13.png,good
C:\Users\clcou\Documents\GitHub\cotton-lumen\detect\..\datasets\Alpha_b-5-1\class\Alpha-b-5-14_15.png,good
C:\Users\clcou\Documents\GitHub\cotton-lumen\detect\..\datasets\Alpha_b-5-1\class\Alpha-b-5-14_17.png,good
C:\Users\clcou\Documents\GitHub\cotton-lumen\detect\..\datasets\Alpha_b-5-1\class\Alpha-b-5-14_19.png,good
C:\Users\clcou\Documents\GitHub\cotton-lumen\detect\..\datasets\Alpha_b-5-1\class\Alpha-b-5-14_22.png,good
C:\Users\clcou\Documents\GitHub\cotton-lumen\detect\..\datasets\Alpha_b-5-1\class\Alpha-b-5-14_23.png,good
C:\Users\clcou\Documents\GitHub\cotton-lumen\detect\..\datasets\Alpha_b-5-1\class\Alpha-b-5-14_25.png,good
C:\Users\clcou\Documents\GitHub\cotton-lumen\detect\..\datasets\Alpha_b-5-1\class\Alpha-b-5-14_28.png,good
C:\Users\clcou\Documents\GitHub\cotton-lumen\detect\..\datasets\Alpha_b-5-1\class\Alpha-b-5-14_29.png,good
C:\Users\clcou\Documents\GitHub\cotton-lumen\detect\..\datasets\Alpha_b-5-1\class\Alpha-b-5-14_30.png,good
C:\Users\clcou\Documents\GitHub\cotton-lumen\detect\..\datasets\Alpha_b-5-1\class\Alpha-b-5-14_31.png,good
C:\Users\clcou\Documents\GitHub\cotton-lumen\detect\..\datasets\Alpha_b-5-1\class\Alpha-b-5-14_35.png,good
C:\Users\clcou\Documents\GitHub\cotton-lumen\detect\..\datasets\Alpha_b-5-1\class\Alpha-b-5-14_37.png,good
C:\Users\clcou\Documents\GitHub\cotton-lumen\detect\..\datasets\Alpha_b-5-1\class\Alpha-b-5-14_41.png,good
C:\Users\clcou\Documents\GitHub\cotton-lumen\detect\..\datasets\Alpha_b-5-1\class\Alpha-b-5-14_44.png,good
C:\Users\clcou\Documents\GitHub\cotton-lumen\detect\..\datasets\Alpha_b-5-1\class\Alpha-b-5-14_45.png,good
C:\Users\clcou\Documents\GitHub\cotton-lumen\detect\..\datasets\Alpha_b-5-1\class\Alpha-b-5-14_46.png,good
C:\Users\clcou\Documents\GitHub\cotton-lumen\detect\..\datasets\Alpha_b-5-1\class\Alpha-b-5-14_48.png,good
C:\Users\clcou\Documents\GitHub\cotton-lumen\detect\..\datasets\Alpha_b-5-1\class\Alpha-b-5-14_54.png,good
C:\Users\clcou\Documents\GitHub\cotton-lumen\detect\..\datasets\Alpha_b-5-1\class\Alpha-b-5-15_0.png,good
C:\Users\clcou\Documents\GitHub\cotton-lumen\detect\..\datasets\Alpha_b-5-1\class\Alpha-b-5-15_1.png,good
C:\Users\clcou\Documents\GitHub\cotton-lumen\detect\..\datasets\Alpha_b-5-1\class\Alpha-b-5-15_14.png,good
C:\Users\clcou\Documents\GitHub\cotton-lumen\detect\..\datasets\Alpha_b-5-1\class\Alpha-b-5-15_15.png,good
C:\Users\clcou\Documents\GitHub\cotton-lumen\detect\..\datasets\Alpha_b-5-1\class\Alpha-b-5-15_19.png,good
C:\Users\clcou\Documents\GitHub\cotton-lumen\detect\..\datasets\Alpha_b-5-1\class\Alpha-b-5-15_20.png,good
C:\Users\clcou\Documents\GitHub\cotton-lumen\detect\..\datasets\Alpha_b-5-1\class\Alpha-b-5-15_21.png,good
C:\Users\clcou\Documents\GitHub\cotton-lumen\detect\..\datasets\Alpha_b-5-1\class\Alpha-b-5-15_22.png,good
C:\Users\clcou\Documents\GitHub\cotton-lumen\detect\..\datasets\Alpha_b-5-1\class\Alpha-b-5-15_23.png,good
C:\Users\clcou\Documents\GitHub\cotton-lumen\detect\..\datasets\Alpha_b-5-1\class\Alpha-b-5-15_27.png,good
C:\Users\clcou\Documents\GitHub\cotton-lumen\detect\..\datasets\Alpha_b-5-1\class\Alpha-b-5-15_28.png,good
C:\Users\clcou\Documents\GitHub\cotton-lumen\detect\..\datasets\Alpha_b-5-1\class\Alpha-b-5-15_39.png,good
C:\Users\clcou\Documents\GitHub\cotton-lumen\detect\..\datasets\Alpha_b-5-1\class\Alpha-b-5-15_41.png,good
C:\Users\clcou\Documents\GitHub\cotton-lumen\detect\..\datasets\Alpha_b-5-1\class\Alpha-b-5-15_46.png,good
C:\Users\clcou\Documents\GitHub\cotton-lumen\detect\..\datasets\Alpha_b-5-1\class\Alpha-b-5-15_47.png,good
C:\Users\clcou\Documents\GitHub\cotton-lumen\detect\..\datasets\Alpha_b-5-1\class\Alpha-b-5-15_49.png,good
C:\Users\clcou\Documents\GitHub\cotton-lumen\detect\..\datasets\Alpha_b-5-1\class\Alpha-b-5-15_55.png,good
C:\Users\clcou\Documents\GitHub\cotton-lumen\detect\..\datasets\Alpha_b-5-1\class\Alpha-b-5-15_57.png,good
C:\Users\clcou\Documents\GitHub\cotton-lumen\detect\..\datasets\Alpha_b-5-1\class\Alpha-b-5-15_61.png,good
C:\Users\clcou\Documents\GitHub\cotton-lumen\detect\..\datasets\Alpha_b-5-1\class\Alpha-b-5-15_70.png,good
C:\Users\clcou\Documents\GitHub\cotton-lumen\detect\..\datasets\Alpha_b-5-1\class\Alpha-b-5-15_72.png,good
C:\Users\clcou\Documents\GitHub\cotton-lumen\detect\..\datasets\Alpha_b-5-1\class\Alpha-b-5-15_73.png,good
C:\Users\clcou\Documents\GitHub\cotton-lumen\detect\..\datasets\Alpha_b-5-1\class\Alpha-b-5-15_8.png,good
C:\Users\clcou\Documents\GitHub\cotton-lumen\detect\..\datasets\Alpha_b-5-1\class\Alpha-b-5-16_1.png,good
C:\Users\clcou\Documents\GitHub\cotton-lumen\detect\..\datasets\Alpha_b-5-1\class\Alpha-b-5-16_11.png,good
C:\Users\clcou\Documents\GitHub\cotton-lumen\detect\..\datasets\Alpha_b-5-1\class\Alpha-b-5-16_12.png,good
C:\Users\clcou\Documents\GitHub\cotton-lumen\detect\..\datasets\Alpha_b-5-1\class\Alpha-b-5-16_15.png,good
C:\Users\clcou\Documents\GitHub\cotton-lumen\detect\..\datasets\Alpha_b-5-1\class\Alpha-b-5-16_16.png,good
C:\Users\clcou\Documents\GitHub\cotton-lumen\detect\..\datasets\Alpha_b-5-1\class\Alpha-b-5-16_17.png,good
C:\Users\clcou\Documents\GitHub\cotton-lumen\detect\..\datasets\Alpha_b-5-1\class\Alpha-b-5-16_19.png,good
C:\Users\clcou\Documents\GitHub\cotton-lumen\detect\..\datasets\Alpha_b-5-1\class\Alpha-b-5-16_2.png,good
C:\Users\clcou\Documents\GitHub\cotton-lumen\detect\..\datasets\Alpha_b-5-1\class\Alpha-b-5-16_24.png,good
C:\Users\clcou\Documents\GitHub\cotton-lumen\detect\..\datasets\Alpha_b-5-1\class\Alpha-b-5-16_35.png,good
C:\Users\clcou\Documents\GitHub\cotton-lumen\detect\..\datasets\Alpha_b-5-1\class\Alpha-b-5-16_38.png,good
C:\Users\clcou\Documents\GitHub\cotton-lumen\detect\..\datasets\Alpha_b-5-1\class\Alpha-b-5-16_43.png,good
C:\Users\clcou\Documents\GitHub\cotton-lumen\detect\..\datasets\Alpha_b-5-1\class\Alpha-b-5-16_47.png,good
C:\Users\clcou\Documents\GitHub\cotton-lumen\detect\..\datasets\Alpha_b-5-1\class\Alpha-b-5-16_48.png,good
C:\Users\clcou\Documents\GitHub\cotton-lumen\detect\..\datasets\Alpha_b-5-1\class\Alpha-b-5-16_49.png,good
C:\Users\clcou\Documents\GitHub\cotton-lumen\detect\..\datasets\Alpha_b-5-1\class\Alpha-b-5-16_50.png,good
C:\Users\clcou\Documents\GitHub\cotton-lumen\detect\..\datasets\Alpha_b-5-1\class\Alpha-b-5-16_51.png,good
C:\Users\clcou\Documents\GitHub\cotton-lumen\detect\..\datasets\Alpha_b-5-1\class\Alpha-b-5-16_60.png,good
C:\Users\clcou\Documents\GitHub\cotton-lumen\detect\..\datasets\Alpha_b-5-1\class\Alpha-b-5-16_75.png,good
C:\Users\clcou\Documents\GitHub\cotton-lumen\detect\..\datasets\Alpha_b-5-1\class\Alpha-b-5-16_81.png,good
C:\Users\clcou\Documents\GitHub\cotton-lumen\detect\..\datasets\Alpha_b-5-1\class\Alpha-b-5-16_84.png,good
C:\Users\clcou\Documents\GitHub\cotton-lumen\detect\..\datasets\Alpha_b-5-1\class\Alpha-b-5-16_88.png,good
C:\Users\clcou\Documents\GitHub\cotton-lumen\detect\..\datasets\Alpha_b-5-1\class\Alpha-b-5-16_90.png,good
C:\Users\clcou\Documents\GitHub\cotton-lumen\detect\..\datasets\Alpha_b-5-1\class\Alpha-b-5-17_0.png,good
C:\Users\clcou\Documents\GitHub\cotton-lumen\detect\..\datasets\Alpha_b-5-1\class\Alpha-b-5-17_11.png,good
C:\Users\clcou\Documents\GitHub\cotton-lumen\detect\..\datasets\Alpha_b-5-1\class\Alpha-b-5-17_12.png,good
C:\Users\clcou\Documents\GitHub\cotton-lumen\detect\..\datasets\Alpha_b-5-1\class\Alpha-b-5-17_15.png,good
C:\Users\clcou\Documents\GitHub\cotton-lumen\detect\..\datasets\Alpha_b-5-1\class\Alpha-b-5-17_16.png,good
C:\Users\clcou\Documents\GitHub\cotton-lumen\detect\..\datasets\Alpha_b-5-1\class\Alpha-b-5-17_17.png,good
C:\Users\clcou\Documents\GitHub\cotton-lumen\detect\..\datasets\Alpha_b-5-1\class\Alpha-b-5-17_18.png,good
C:\Users\clcou\Documents\GitHub\cotton-lumen\detect\..\datasets\Alpha_b-5-1\class\Alpha-b-5-17_19.png,good
C:\Users\clcou\Documents\GitHub\cotton-lumen\detect\..\datasets\Alpha_b-5-1\class\Alpha-b-5-17_2.png,good
C:\Users\clcou\Documents\GitHub\cotton-lumen\detect\..\datasets\Alpha_b-5-1\class\Alpha-b-5-17_20.png,good
C:\Users\clcou\Documents\GitHub\cotton-lumen\detect\..\datasets\Alpha_b-5-1\class\Alpha-b-5-17_21.png,good
C:\Users\clcou\Documents\GitHub\cotton-lumen\detect\..\datasets\Alpha_b-5-1\class\Alpha-b-5-17_22.png,good
C:\Users\clcou\Documents\GitHub\cotton-lumen\detect\..\datasets\Alpha_b-5-1\class\Alpha-b-5-17_23.png,good
C:\Users\clcou\Documents\GitHub\cotton-lumen\detect\..\datasets\Alpha_b-5-1\class\Alpha-b-5-17_27.png,good
C:\Users\clcou\Documents\GitHub\cotton-lumen\detect\..\datasets\Alpha_b-5-1\class\Alpha-b-5-17_28.png,good
C:\Users\clcou\Documents\GitHub\cotton-lumen\detect\..\datasets\Alpha_b-5-1\class\Alpha-b-5-17_31.png,good
C:\Users\clcou\Documents\GitHub\cotton-lumen\detect\..\datasets\Alpha_b-5-1\class\Alpha-b-5-17_34.png,good
C:\Users\clcou\Documents\GitHub\cotton-lumen\detect\..\datasets\Alpha_b-5-1\class\Alpha-b-5-17_38.png,good
C:\Users\clcou\Documents\GitHub\cotton-lumen\detect\..\datasets\Alpha_b-5-1\class\Alpha-b-5-17_42.png,good
C:\Users\clcou\Documents\GitHub\cotton-lumen\detect\..\datasets\Alpha_b-5-1\class\Alpha-b-5-17_43.png,good
C:\Users\clcou\Documents\GitHub\cotton-lumen\detect\..\datasets\Alpha_b-5-1\class\Alpha-b-5-17_44.png,good
C:\Users\clcou\Documents\GitHub\cotton-lumen\detect\..\datasets\Alpha_b-5-1\class\Alpha-b-5-17_46.png,good
C:\Users\clcou\Documents\GitHub\cotton-lumen\detect\..\datasets\Alpha_b-5-1\class\Alpha-b-5-17_6.png,good
C:\Users\clcou\Documents\GitHub\cotton-lumen\detect\..\datasets\Alpha_b-5-1\class\Alpha-b-5-17_8.png,good
C:\Users\clcou\Documents\GitHub\cotton-lumen\detect\..\datasets\Alpha_b-5-1\class\Alpha-b-5-18_12.png,good
C:\Users\clcou\Documents\GitHub\cotton-lumen\detect\..\datasets\Alpha_b-5-1\class\Alpha-b-5-18_16.png,good
C:\Users\clcou\Documents\GitHub\cotton-lumen\detect\..\datasets\Alpha_b-5-1\class\Alpha-b-5-18_17.png,good
C:\Users\clcou\Documents\GitHub\cotton-lumen\detect\..\datasets\Alpha_b-5-1\class\Alpha-b-5-18_18.png,good
C:\Users\clcou\Documents\GitHub\cotton-lumen\detect\..\datasets\Alpha_b-5-1\class\Alpha-b-5-18_29.png,good
C:\Users\clcou\Documents\GitHub\cotton-lumen\detect\..\datasets\Alpha_b-5-1\class\Alpha-b-5-18_4.png,good
C:\Users\clcou\Documents\GitHub\cotton-lumen\detect\..\datasets\Alpha_b-5-1\class\Alpha-b-5-18_43.png,good
C:\Users\clcou\Documents\GitHub\cotton-lumen\detect\..\datasets\Alpha_b-5-1\class\Alpha-b-5-18_53.png,good
C:\Users\clcou\Documents\GitHub\cotton-lumen\detect\..\datasets\Alpha_b-5-1\class\Alpha-b-5-18_54.png,good
C:\Users\clcou\Documents\GitHub\cotton-lumen\detect\..\datasets\Alpha_b-5-1\class\Alpha-b-5-18_55.png,good
C:\Users\clcou\Documents\GitHub\cotton-lumen\detect\..\datasets\Alpha_b-5-1\class\Alpha-b-5-18_56.png,good
C:\Users\clcou\Documents\GitHub\cotton-lumen\detect\..\datasets\Alpha_b-5-1\class\Alpha-b-5-18_59.png,good
C:\Users\clcou\Documents\GitHub\cotton-lumen\detect\..\datasets\Alpha_b-5-1\class\Alpha-b-5-18_60.png,good
C:\Users\clcou\Documents\GitHub\cotton-lumen\detect\..\datasets\Alpha_b-5-1\class\Alpha-b-5-18_64.png,good
C:\Users\clcou\Documents\GitHub\cotton-lumen\detect\..\datasets\Alpha_b-5-1\class\Alpha-b-5-18_66.png,good
C:\Users\clcou\Documents\GitHub\cotton-lumen\detect\..\datasets\Alpha_b-5-1\class\Alpha-b-5-18_7.png,good
C:\Users\clcou\Documents\GitHub\cotton-lumen\detect\..\datasets\Alpha_b-5-1\class\Alpha-b-5-18_74.png,good
C:\Users\clcou\Documents\GitHub\cotton-lumen\detect\..\datasets\Alpha_b-5-1\class\Alpha-b-5-18_8.png,good
C:\Users\clcou\Documents\GitHub\cotton-lumen\detect\..\datasets\Alpha_b-5-1\class\Alpha-b-5-18_80.png,good
C:\Users\clcou\Documents\GitHub\cotton-lumen\detect\..\datasets\Alpha_b-5-1\class\Alpha-b-5-18_81.png,good
C:\Users\clcou\Documents\GitHub\cotton-lumen\detect\..\datasets\Alpha_b-5-1\class\Alpha-b-5-19_1.png,good
C:\Users\clcou\Documents\GitHub\cotton-lumen\detect\..\datasets\Alpha_b-5-1\class\Alpha-b-5-19_13.png,good
C:\Users\clcou\Documents\GitHub\cotton-lumen\detect\..\datasets\Alpha_b-5-1\class\Alpha-b-5-19_19.png,good
C:\Users\clcou\Documents\GitHub\cotton-lumen\detect\..\datasets\Alpha_b-5-1\class\Alpha-b-5-19_2.png,good
C:\Users\clcou\Documents\GitHub\cotton-lumen\detect\..\datasets\Alpha_b-5-1\class\Alpha-b-5-19_26.png,good
C:\Users\clcou\Documents\GitHub\cotton-lumen\detect\..\datasets\Alpha_b-5-1\class\Alpha-b-5-19_30.png,good
C:\Users\clcou\Documents\GitHub\cotton-lumen\detect\..\datasets\Alpha_b-5-1\class\Alpha-b-5-19_33.png,good
C:\Users\clcou\Documents\GitHub\cotton-lumen\detect\..\datasets\Alpha_b-5-1\class\Alpha-b-5-19_39.png,good
C:\Users\clcou\Documents\GitHub\cotton-lumen\detect\..\datasets\Alpha_b-5-1\class\Alpha-b-5-19_42.png,good
C:\Users\clcou\Documents\GitHub\cotton-lumen\detect\..\datasets\Alpha_b-5-1\class\Alpha-b-5-19_43.png,good
C:\Users\clcou\Documents\GitHub\cotton-lumen\detect\..\datasets\Alpha_b-5-1\class\Alpha-b-5-19_47.png,good
C:\Users\clcou\Documents\GitHub\cotton-lumen\detect\..\datasets\Alpha_b-5-1\class\Alpha-b-5-19_51.png,good
C:\Users\clcou\Documents\GitHub\cotton-lumen\detect\..\datasets\Alpha_b-5-1\class\Alpha-b-5-19_52.png,good
C:\Users\clcou\Documents\GitHub\cotton-lumen\detect\..\datasets\Alpha_b-5-1\class\Alpha-b-5-19_53.png,good
C:\Users\clcou\Documents\GitHub\cotton-lumen\detect\..\datasets\Alpha_b-5-1\class\Alpha-b-5-19_60.png,good
C:\Users\clcou\Documents\GitHub\cotton-lumen\detect\..\datasets\Alpha_b-5-1\class\Alpha-b-5-19_9.png,good
C:\Users\clcou\Documents\GitHub\cotton-lumen\detect\..\datasets\Alpha_b-5-1\class\Alpha-b-5-10_1.png,bad
C:\Users\clcou\Documents\GitHub\cotton-lumen\detect\..\datasets\Alpha_b-5-1\class\Alpha-b-5-10_10.png,bad
C:\Users\clcou\Documents\GitHub\cotton-lumen\detect\..\datasets\Alpha_b-5-1\class\Alpha-b-5-10_11.png,bad
C:\Users\clcou\Documents\GitHub\cotton-lumen\detect\..\datasets\Alpha_b-5-1\class\Alpha-b-5-10_12.png,bad
C:\Users\clcou\Documents\GitHub\cotton-lumen\detect\..\datasets\Alpha_b-5-1\class\Alpha-b-5-10_13.png,bad
C:\Users\clcou\Documents\GitHub\cotton-lumen\detect\..\datasets\Alpha_b-5-1\class\Alpha-b-5-10_14.png,bad
C:\Users\clcou\Documents\GitHub\cotton-lumen\detect\..\datasets\Alpha_b-5-1\class\Alpha-b-5-10_16.png,bad
C:\Users\clcou\Documents\GitHub\cotton-lumen\detect\..\datasets\Alpha_b-5-1\class\Alpha-b-5-10_17.png,bad
C:\Users\clcou\Documents\GitHub\cotton-lumen\detect\..\datasets\Alpha_b-5-1\class\Alpha-b-5-10_18.png,bad
C:\Users\clcou\Documents\GitHub\cotton-lumen\detect\..\datasets\Alpha_b-5-1\class\Alpha-b-5-10_19.png,bad
C:\Users\clcou\Documents\GitHub\cotton-lumen\detect\..\datasets\Alpha_b-5-1\class\Alpha-b-5-10_2.png,bad
C:\Users\clcou\Documents\GitHub\cotton-lumen\detect\..\datasets\Alpha_b-5-1\class\Alpha-b-5-10_20.png,bad
C:\Users\clcou\Documents\GitHub\cotton-lumen\detect\..\datasets\Alpha_b-5-1\class\Alpha-b-5-10_22.png,bad
C:\Users\clcou\Documents\GitHub\cotton-lumen\detect\..\datasets\Alpha_b-5-1\class\Alpha-b-5-10_23.png,bad
C:\Users\clcou\Documents\GitHub\cotton-lumen\detect\..\datasets\Alpha_b-5-1\class\Alpha-b-5-10_24.png,bad
C:\Users\clcou\Documents\GitHub\cotton-lumen\detect\..\datasets\Alpha_b-5-1\class\Alpha-b-5-10_25.png,bad
C:\Users\clcou\Documents\GitHub\cotton-lumen\detect\..\datasets\Alpha_b-5-1\class\Alpha-b-5-10_26.png,bad
C:\Users\clcou\Documents\GitHub\cotton-lumen\detect\..\datasets\Alpha_b-5-1\class\Alpha-b-5-10_27.png,bad
C:\Users\clcou\Documents\GitHub\cotton-lumen\detect\..\datasets\Alpha_b-5-1\class\Alpha-b-5-10_28.png,bad
C:\Users\clcou\Documents\GitHub\cotton-lumen\detect\..\datasets\Alpha_b-5-1\class\Alpha-b-5-10_3.png,bad
C:\Users\clcou\Documents\GitHub\cotton-lumen\detect\..\datasets\Alpha_b-5-1\class\Alpha-b-5-10_31.png,bad
C:\Users\clcou\Documents\GitHub\cotton-lumen\detect\..\datasets\Alpha_b-5-1\class\Alpha-b-5-10_32.png,bad
C:\Users\clcou\Documents\GitHub\cotton-lumen\detect\..\datasets\Alpha_b-5-1\class\Alpha-b-5-10_33.png,bad
C:\Users\clcou\Documents\GitHub\cotton-lumen\detect\..\datasets\Alpha_b-5-1\class\Alpha-b-5-10_34.png,bad
C:\Users\clcou\Documents\GitHub\cotton-lumen\detect\..\datasets\Alpha_b-5-1\class\Alpha-b-5-10_35.png,bad
C:\Users\clcou\Documents\GitHub\cotton-lumen\detect\..\datasets\Alpha_b-5-1\class\Alpha-b-5-10_37.png,bad
C:\Users\clcou\Documents\GitHub\cotton-lumen\detect\..\datasets\Alpha_b-5-1\class\Alpha-b-5-10_38.png,bad
C:\Users\clcou\Documents\GitHub\cotton-lumen\detect\..\datasets\Alpha_b-5-1\class\Alpha-b-5-10_39.png,bad
C:\Users\clcou\Documents\GitHub\cotton-lumen\detect\..\datasets\Alpha_b-5-1\class\Alpha-b-5-10_4.png,bad
C:\Users\clcou\Documents\GitHub\cotton-lumen\detect\..\datasets\Alpha_b-5-1\class\Alpha-b-5-10_40.png,bad
C:\Users\clcou\Documents\GitHub\cotton-lumen\detect\..\datasets\Alpha_b-5-1\class\Alpha-b-5-10_41.png,bad
C:\Users\clcou\Documents\GitHub\cotton-lumen\detect\..\datasets\Alpha_b-5-1\class\Alpha-b-5-10_42.png,bad
C:\Users\clcou\Documents\GitHub\cotton-lumen\detect\..\datasets\Alpha_b-5-1\class\Alpha-b-5-10_43.png,bad
C:\Users\clcou\Documents\GitHub\cotton-lumen\detect\..\datasets\Alpha_b-5-1\class\Alpha-b-5-10_45.png,bad
C:\Users\clcou\Documents\GitHub\cotton-lumen\detect\..\datasets\Alpha_b-5-1\class\Alpha-b-5-10_46.png,bad
C:\Users\clcou\Documents\GitHub\cotton-lumen\detect\..\datasets\Alpha_b-5-1\class\Alpha-b-5-10_47.png,bad
C:\Users\clcou\Documents\GitHub\cotton-lumen\detect\..\datasets\Alpha_b-5-1\class\Alpha-b-5-10_48.png,bad
C:\Users\clcou\Documents\GitHub\cotton-lumen\detect\..\datasets\Alpha_b-5-1\class\Alpha-b-5-10_49.png,bad
C:\Users\clcou\Documents\GitHub\cotton-lumen\detect\..\datasets\Alpha_b-5-1\class\Alpha-b-5-10_50.png,bad
C:\Users\clcou\Documents\GitHub\cotton-lumen\detect\..\datasets\Alpha_b-5-1\class\Alpha-b-5-10_51.png,bad
C:\Users\clcou\Documents\GitHub\cotton-lumen\detect\..\datasets\Alpha_b-5-1\class\Alpha-b-5-10_52.png,bad
C:\Users\clcou\Documents\GitHub\cotton-lumen\detect\..\datasets\Alpha_b-5-1\class\Alpha-b-5-10_53.png,bad
C:\Users\clcou\Documents\GitHub\cotton-lumen\detect\..\datasets\Alpha_b-5-1\class\Alpha-b-5-10_54.png,bad
C:\Users\clcou\Documents\GitHub\cotton-lumen\detect\..\datasets\Alpha_b-5-1\class\Alpha-b-5-10_55.png,bad
C:\Users\clcou\Documents\GitHub\cotton-lumen\detect\..\datasets\Alpha_b-5-1\class\Alpha-b-5-10_6.png,bad
C:\Users\clcou\Documents\GitHub\cotton-lumen\detect\..\datasets\Alpha_b-5-1\class\Alpha-b-5-10_7.png,bad
C:\Users\clcou\Documents\GitHub\cotton-lumen\detect\..\datasets\Alpha_b-5-1\class\Alpha-b-5-10_8.png,bad
C:\Users\clcou\Documents\GitHub\cotton-lumen\detect\..\datasets\Alpha_b-5-1\class\Alpha-b-5-10_9.png,bad
C:\Users\clcou\Documents\GitHub\cotton-lumen\detect\..\datasets\Alpha_b-5-1\class\Alpha-b-5-110_0.png,bad
C:\Users\clcou\Documents\GitHub\cotton-lumen\detect\..\datasets\Alpha_b-5-1\class\Alpha-b-5-110_1.png,bad
C:\Users\clcou\Documents\GitHub\cotton-lumen\detect\..\datasets\Alpha_b-5-1\class\Alpha-b-5-110_11.png,bad
C:\Users\clcou\Documents\GitHub\cotton-lumen\detect\..\datasets\Alpha_b-5-1\class\Alpha-b-5-110_12.png,bad
C:\Users\clcou\Documents\GitHub\cotton-lumen\detect\..\datasets\Alpha_b-5-1\class\Alpha-b-5-110_13.png,bad
C:\Users\clcou\Documents\GitHub\cotton-lumen\detect\..\datasets\Alpha_b-5-1\class\Alpha-b-5-110_14.png,bad
C:\Users\clcou\Documents\GitHub\cotton-lumen\detect\..\datasets\Alpha_b-5-1\class\Alpha-b-5-110_16.png,bad
C:\Users\clcou\Documents\GitHub\cotton-lumen\detect\..\datasets\Alpha_b-5-1\class\Alpha-b-5-110_19.png,bad
C:\Users\clcou\Documents\GitHub\cotton-lumen\detect\..\datasets\Alpha_b-5-1\class\Alpha-b-5-110_20.png,bad
C:\Users\clcou\Documents\GitHub\cotton-lumen\detect\..\datasets\Alpha_b-5-1\class\Alpha-b-5-110_23.png,bad
C:\Users\clcou\Documents\GitHub\cotton-lumen\detect\..\datasets\Alpha_b-5-1\class\Alpha-b-5-110_24.png,bad
C:\Users\clcou\Documents\GitHub\cotton-lumen\detect\..\datasets\Alpha_b-5-1\class\Alpha-b-5-110_26.png,bad
C:\Users\clcou\Documents\GitHub\cotton-lumen\detect\..\datasets\Alpha_b-5-1\class\Alpha-b-5-110_27.png,bad
C:\Users\clcou\Documents\GitHub\cotton-lumen\detect\..\datasets\Alpha_b-5-1\class\Alpha-b-5-110_28.png,bad
C:\Users\clcou\Documents\GitHub\cotton-lumen\detect\..\datasets\Alpha_b-5-1\class\Alpha-b-5-110_29.png,bad
C:\Users\clcou\Documents\GitHub\cotton-lumen\detect\..\datasets\Alpha_b-5-1\class\Alpha-b-5-110_3.png,bad
C:\Users\clcou\Documents\GitHub\cotton-lumen\detect\..\datasets\Alpha_b-5-1\class\Alpha-b-5-110_30.png,bad
C:\Users\clcou\Documents\GitHub\cotton-lumen\detect\..\datasets\Alpha_b-5-1\class\Alpha-b-5-110_31.png,bad
C:\Users\clcou\Documents\GitHub\cotton-lumen\detect\..\datasets\Alpha_b-5-1\class\Alpha-b-5-110_35.png,bad
C:\Users\clcou\Documents\GitHub\cotton-lumen\detect\..\datasets\Alpha_b-5-1\class\Alpha-b-5-110_37.png,bad
C:\Users\clcou\Documents\GitHub\cotton-lumen\detect\..\datasets\Alpha_b-5-1\class\Alpha-b-5-110_38.png,bad
C:\Users\clcou\Documents\GitHub\cotton-lumen\detect\..\datasets\Alpha_b-5-1\class\Alpha-b-5-110_39.png,bad
C:\Users\clcou\Documents\GitHub\cotton-lumen\detect\..\datasets\Alpha_b-5-1\class\Alpha-b-5-110_4.png,bad
C:\Users\clcou\Documents\GitHub\cotton-lumen\detect\..\datasets\Alpha_b-5-1\class\Alpha-b-5-110_6.png,bad
C:\Users\clcou\Documents\GitHub\cotton-lumen\detect\..\datasets\Alpha_b-5-1\class\Alpha-b-5-110_8.png,bad
C:\Users\clcou\Documents\GitHub\cotton-lumen\detect\..\datasets\Alpha_b-5-1\class\Alpha-b-5-110_9.png,bad
C:\Users\clcou\Documents\GitHub\cotton-lumen\detect\..\datasets\Alpha_b-5-1\class\Alpha-b-5-111_0.png,bad
C:\Users\clcou\Documents\GitHub\cotton-lumen\detect\..\datasets\Alpha_b-5-1\class\Alpha-b-5-111_1.png,bad
C:\Users\clcou\Documents\GitHub\cotton-lumen\detect\..\datasets\Alpha_b-5-1\class\Alpha-b-5-111_11.png,bad
C:\Users\clcou\Documents\GitHub\cotton-lumen\detect\..\datasets\Alpha_b-5-1\class\Alpha-b-5-111_12.png,bad
C:\Users\clcou\Documents\GitHub\cotton-lumen\detect\..\datasets\Alpha_b-5-1\class\Alpha-b-5-111_13.png,bad
C:\Users\clcou\Documents\GitHub\cotton-lumen\detect\..\datasets\Alpha_b-5-1\class\Alpha-b-5-111_14.png,bad
C:\Users\clcou\Documents\GitHub\cotton-lumen\detect\..\datasets\Alpha_b-5-1\class\Alpha-b-5-111_15.png,bad
C:\Users\clcou\Documents\GitHub\cotton-lumen\detect\..\datasets\Alpha_b-5-1\class\Alpha-b-5-111_16.png,bad
C:\Users\clcou\Documents\GitHub\cotton-lumen\detect\..\datasets\Alpha_b-5-1\class\Alpha-b-5-111_17.png,bad
C:\Users\clcou\Documents\GitHub\cotton-lumen\detect\..\datasets\Alpha_b-5-1\class\Alpha-b-5-111_18.png,bad
C:\Users\clcou\Documents\GitHub\cotton-lumen\detect\..\datasets\Alpha_b-5-1\class\Alpha-b-5-111_19.png,bad
C:\Users\clcou\Documents\GitHub\cotton-lumen\detect\..\datasets\Alpha_b-5-1\class\Alpha-b-5-111_2.png,bad
C:\Users\clcou\Documents\GitHub\cotton-lumen\detect\..\datasets\Alpha_b-5-1\class\Alpha-b-5-111_20.png,bad
C:\Users\clcou\Documents\GitHub\cotton-lumen\detect\..\datasets\Alpha_b-5-1\class\Alpha-b-5-111_23.png,bad
C:\Users\clcou\Documents\GitHub\cotton-lumen\detect\..\datasets\Alpha_b-5-1\class\Alpha-b-5-111_24.png,bad
C:\Users\clcou\Documents\GitHub\cotton-lumen\detect\..\datasets\Alpha_b-5-1\class\Alpha-b-5-111_29.png,bad
C:\Users\clcou\Documents\GitHub\cotton-lumen\detect\..\datasets\Alpha_b-5-1\class\Alpha-b-5-111_3.png,bad
C:\Users\clcou\Documents\GitHub\cotton-lumen\detect\..\datasets\Alpha_b-5-1\class\Alpha-b-5-111_30.png,bad
C:\Users\clcou\Documents\GitHub\cotton-lumen\detect\..\datasets\Alpha_b-5-1\class\Alpha-b-5-111_33.png,bad
C:\Users\clcou\Documents\GitHub\cotton-lumen\detect\..\datasets\Alpha_b-5-1\class\Alpha-b-5-111_34.png,bad
C:\Users\clcou\Documents\GitHub\cotton-lumen\detect\..\datasets\Alpha_b-5-1\class\Alpha-b-5-111_35.png,bad
C:\Users\clcou\Documents\GitHub\cotton-lumen\detect\..\datasets\Alpha_b-5-1\class\Alpha-b-5-111_36.png,bad
C:\Users\clcou\Documents\GitHub\cotton-lumen\detect\..\datasets\Alpha_b-5-1\class\Alpha-b-5-111_39.png,bad
C:\Users\clcou\Documents\GitHub\cotton-lumen\detect\..\datasets\Alpha_b-5-1\class\Alpha-b-5-111_4.png,bad
C:\Users\clcou\Documents\GitHub\cotton-lumen\detect\..\datasets\Alpha_b-5-1\class\Alpha-b-5-111_40.png,bad
C:\Users\clcou\Documents\GitHub\cotton-lumen\detect\..\datasets\Alpha_b-5-1\class\Alpha-b-5-111_41.png,bad
C:\Users\clcou\Documents\GitHub\cotton-lumen\detect\..\datasets\Alpha_b-5-1\class\Alpha-b-5-111_43.png,bad
C:\Users\clcou\Documents\GitHub\cotton-lumen\detect\..\datasets\Alpha_b-5-1\class\Alpha-b-5-111_46.png,bad
C:\Users\clcou\Documents\GitHub\cotton-lumen\detect\..\datasets\Alpha_b-5-1\class\Alpha-b-5-111_48.png,bad
C:\Users\clcou\Documents\GitHub\cotton-lumen\detect\..\datasets\Alpha_b-5-1\class\Alpha-b-5-111_49.png,bad
C:\Users\clcou\Documents\GitHub\cotton-lumen\detect\..\datasets\Alpha_b-5-1\class\Alpha-b-5-111_5.png,bad
C:\Users\clcou\Documents\GitHub\cotton-lumen\detect\..\datasets\Alpha_b-5-1\class\Alpha-b-5-111_51.png,bad
C:\Users\clcou\Documents\GitHub\cotton-lumen\detect\..\datasets\Alpha_b-5-1\class\Alpha-b-5-111_53.png,bad
C:\Users\clcou\Documents\GitHub\cotton-lumen\detect\..\datasets\Alpha_b-5-1\class\Alpha-b-5-111_54.png,bad
C:\Users\clcou\Documents\GitHub\cotton-lumen\detect\..\datasets\Alpha_b-5-1\class\Alpha-b-5-111_57.png,bad
C:\Users\clcou\Documents\GitHub\cotton-lumen\detect\..\datasets\Alpha_b-5-1\class\Alpha-b-5-111_58.png,bad
C:\Users\clcou\Documents\GitHub\cotton-lumen\detect\..\datasets\Alpha_b-5-1\class\Alpha-b-5-111_59.png,bad
C:\Users\clcou\Documents\GitHub\cotton-lumen\detect\..\datasets\Alpha_b-5-1\class\Alpha-b-5-111_6.png,bad
C:\Users\clcou\Documents\GitHub\cotton-lumen\detect\..\datasets\Alpha_b-5-1\class\Alpha-b-5-111_61.png,bad
C:\Users\clcou\Documents\GitHub\cotton-lumen\detect\..\datasets\Alpha_b-5-1\class\Alpha-b-5-111_62.png,bad
C:\Users\clcou\Documents\GitHub\cotton-lumen\detect\..\datasets\Alpha_b-5-1\class\Alpha-b-5-111_63.png,bad
C:\Users\clcou\Documents\GitHub\cotton-lumen\detect\..\datasets\Alpha_b-5-1\class\Alpha-b-5-111_65.png,bad
C:\Users\clcou\Documents\GitHub\cotton-lumen\detect\..\datasets\Alpha_b-5-1\class\Alpha-b-5-111_66.png,bad
C:\Users\clcou\Documents\GitHub\cotton-lumen\detect\..\datasets\Alpha_b-5-1\class\Alpha-b-5-111_67.png,bad
C:\Users\clcou\Documents\GitHub\cotton-lumen\detect\..\datasets\Alpha_b-5-1\class\Alpha-b-5-111_7.png,bad
C:\Users\clcou\Documents\GitHub\cotton-lumen\detect\..\datasets\Alpha_b-5-1\class\Alpha-b-5-111_8.png,bad
C:\Users\clcou\Documents\GitHub\cotton-lumen\detect\..\datasets\Alpha_b-5-1\class\Alpha-b-5-111_9.png,bad
C:\Users\clcou\Documents\GitHub\cotton-lumen\detect\..\datasets\Alpha_b-5-1\class\Alpha-b-5-11_0.png,bad
C:\Users\clcou\Documents\GitHub\cotton-lumen\detect\..\datasets\Alpha_b-5-1\class\Alpha-b-5-11_1.png,bad
C:\Users\clcou\Documents\GitHub\cotton-lumen\detect\..\datasets\Alpha_b-5-1\class\Alpha-b-5-11_10.png,bad
C:\Users\clcou\Documents\GitHub\cotton-lumen\detect\..\datasets\Alpha_b-5-1\class\Alpha-b-5-11_11.png,bad
C:\Users\clcou\Documents\GitHub\cotton-lumen\detect\..\datasets\Alpha_b-5-1\class\Alpha-b-5-11_12.png,bad
C:\Users\clcou\Documents\GitHub\cotton-lumen\detect\..\datasets\Alpha_b-5-1\class\Alpha-b-5-11_13.png,bad
C:\Users\clcou\Documents\GitHub\cotton-lumen\detect\..\datasets\Alpha_b-5-1\class\Alpha-b-5-11_14.png,bad
C:\Users\clcou\Documents\GitHub\cotton-lumen\detect\..\datasets\Alpha_b-5-1\class\Alpha-b-5-11_16.png,bad
C:\Users\clcou\Documents\GitHub\cotton-lumen\detect\..\datasets\Alpha_b-5-1\class\Alpha-b-5-11_17.png,bad
C:\Users\clcou\Documents\GitHub\cotton-lumen\detect\..\datasets\Alpha_b-5-1\class\Alpha-b-5-11_18.png,bad
C:\Users\clcou\Documents\GitHub\cotton-lumen\detect\..\datasets\Alpha_b-5-1\class\Alpha-b-5-11_19.png,bad
C:\Users\clcou\Documents\GitHub\cotton-lumen\detect\..\datasets\Alpha_b-5-1\class\Alpha-b-5-11_20.png,bad
C:\Users\clcou\Documents\GitHub\cotton-lumen\detect\..\datasets\Alpha_b-5-1\class\Alpha-b-5-11_21.png,bad
C:\Users\clcou\Documents\GitHub\cotton-lumen\detect\..\datasets\Alpha_b-5-1\class\Alpha-b-5-11_23.png,bad
C:\Users\clcou\Documents\GitHub\cotton-lumen\detect\..\datasets\Alpha_b-5-1\class\Alpha-b-5-11_24.png,bad
C:\Users\clcou\Documents\GitHub\cotton-lumen\detect\..\datasets\Alpha_b-5-1\class\Alpha-b-5-11_25.png,bad
C:\Users\clcou\Documents\GitHub\cotton-lumen\detect\..\datasets\Alpha_b-5-1\class\Alpha-b-5-11_26.png,bad
C:\Users\clcou\Documents\GitHub\cotton-lumen\detect\..\datasets\Alpha_b-5-1\class\Alpha-b-5-11_27.png,bad
C:\Users\clcou\Documents\GitHub\cotton-lumen\detect\..\datasets\Alpha_b-5-1\class\Alpha-b-5-11_28.png,bad
C:\Users\clcou\Documents\GitHub\cotton-lumen\detect\..\datasets\Alpha_b-5-1\class\Alpha-b-5-11_29.png,bad
C:\Users\clcou\Documents\GitHub\cotton-lumen\detect\..\datasets\Alpha_b-5-1\class\Alpha-b-5-11_3.png,bad
C:\Users\clcou\Documents\GitHub\cotton-lumen\detect\..\datasets\Alpha_b-5-1\class\Alpha-b-5-11_30.png,bad
C:\Users\clcou\Documents\GitHub\cotton-lumen\detect\..\datasets\Alpha_b-5-1\class\Alpha-b-5-11_31.png,bad
C:\Users\clcou\Documents\GitHub\cotton-lumen\detect\..\datasets\Alpha_b-5-1\class\Alpha-b-5-11_35.png,bad
C:\Users\clcou\Documents\GitHub\cotton-lumen\detect\..\datasets\Alpha_b-5-1\class\Alpha-b-5-11_36.png,bad
C:\Users\clcou\Documents\GitHub\cotton-lumen\detect\..\datasets\Alpha_b-5-1\class\Alpha-b-5-11_37.png,bad
C:\Users\clcou\Documents\GitHub\cotton-lumen\detect\..\datasets\Alpha_b-5-1\class\Alpha-b-5-11_39.png,bad
C:\Users\clcou\Documents\GitHub\cotton-lumen\detect\..\datasets\Alpha_b-5-1\class\Alpha-b-5-11_41.png,bad
C:\Users\clcou\Documents\GitHub\cotton-lumen\detect\..\datasets\Alpha_b-5-1\class\Alpha-b-5-11_42.png,bad
C:\Users\clcou\Documents\GitHub\cotton-lumen\detect\..\datasets\Alpha_b-5-1\class\Alpha-b-5-11_43.png,bad
C:\Users\clcou\Documents\GitHub\cotton-lumen\detect\..\datasets\Alpha_b-5-1\class\Alpha-b-5-11_44.png,bad
C:\Users\clcou\Documents\GitHub\cotton-lumen\detect\..\datasets\Alpha_b-5-1\class\Alpha-b-5-11_46.png,bad
C:\Users\clcou\Documents\GitHub\cotton-lumen\detect\..\datasets\Alpha_b-5-1\class\Alpha-b-5-11_47.png,bad
C:\Users\clcou\Documents\GitHub\cotton-lumen\detect\..\datasets\Alpha_b-5-1\class\Alpha-b-5-11_48.png,bad
C:\Users\clcou\Documents\GitHub\cotton-lumen\detect\..\datasets\Alpha_b-5-1\class\Alpha-b-5-11_49.png,bad
C:\Users\clcou\Documents\GitHub\cotton-lumen\detect\..\datasets\Alpha_b-5-1\class\Alpha-b-5-11_5.png,bad
C:\Users\clcou\Documents\GitHub\cotton-lumen\detect\..\datasets\Alpha_b-5-1\class\Alpha-b-5-11_51.png,bad
C:\Users\clcou\Documents\GitHub\cotton-lumen\detect\..\datasets\Alpha_b-5-1\class\Alpha-b-5-11_52.png,bad
C:\Users\clcou\Documents\GitHub\cotton-lumen\detect\..\datasets\Alpha_b-5-1\class\Alpha-b-5-11_53.png,bad
C:\Users\clcou\Documents\GitHub\cotton-lumen\detect\..\datasets\Alpha_b-5-1\class\Alpha-b-5-11_54.png,bad
C:\Users\clcou\Documents\GitHub\cotton-lumen\detect\..\datasets\Alpha_b-5-1\class\Alpha-b-5-11_55.png,bad
C:\Users\clcou\Documents\GitHub\cotton-lumen\detect\..\datasets\Alpha_b-5-1\class\Alpha-b-5-11_56.png,bad
C:\Users\clcou\Documents\GitHub\cotton-lumen\detect\..\datasets\Alpha_b-5-1\class\Alpha-b-5-11_57.png,bad
C:\Users\clcou\Documents\GitHub\cotton-lumen\detect\..\datasets\Alpha_b-5-1\class\Alpha-b-5-11_58.png,bad
C:\Users\clcou\Documents\GitHub\cotton-lumen\detect\..\datasets\Alpha_b-5-1\class\Alpha-b-5-11_6.png,bad
C:\Users\clcou\Documents\GitHub\cotton-lumen\detect\..\datasets\Alpha_b-5-1\class\Alpha-b-5-11_7.png,bad
C:\Users\clcou\Documents\GitHub\cotton-lumen\detect\..\datasets\Alpha_b-5-1\class\Alpha-b-5-11_8.png,bad
C:\Users\clcou\Documents\GitHub\cotton-lumen\detect\..\datasets\Alpha_b-5-1\class\Alpha-b-5-11_9.png,bad
C:\Users\clcou\Documents\GitHub\cotton-lumen\detect\..\datasets\Alpha_b-5-1\class\Alpha-b-5-12_0.png,bad
C:\Users\clcou\Documents\GitHub\cotton-lumen\detect\..\datasets\Alpha_b-5-1\class\Alpha-b-5-12_1.png,bad
C:\Users\clcou\Documents\GitHub\cotton-lumen\detect\..\datasets\Alpha_b-5-1\class\Alpha-b-5-12_10.png,bad
C:\Users\clcou\Documents\GitHub\cotton-lumen\detect\..\datasets\Alpha_b-5-1\class\Alpha-b-5-12_11.png,bad
C:\Users\clcou\Documents\GitHub\cotton-lumen\detect\..\datasets\Alpha_b-5-1\class\Alpha-b-5-12_12.png,bad
C:\Users\clcou\Documents\GitHub\cotton-lumen\detect\..\datasets\Alpha_b-5-1\class\Alpha-b-5-12_13.png,bad
C:\Users\clcou\Documents\GitHub\cotton-lumen\detect\..\datasets\Alpha_b-5-1\class\Alpha-b-5-12_14.png,bad
C:\Users\clcou\Documents\GitHub\cotton-lumen\detect\..\datasets\Alpha_b-5-1\class\Alpha-b-5-12_15.png,bad
C:\Users\clcou\Documents\GitHub\cotton-lumen\detect\..\datasets\Alpha_b-5-1\class\Alpha-b-5-12_16.png,bad
C:\Users\clcou\Documents\GitHub\cotton-lumen\detect\..\datasets\Alpha_b-5-1\class\Alpha-b-5-12_17.png,bad
C:\Users\clcou\Documents\GitHub\cotton-lumen\detect\..\datasets\Alpha_b-5-1\class\Alpha-b-5-12_19.png,bad
C:\Users\clcou\Documents\GitHub\cotton-lumen\detect\..\datasets\Alpha_b-5-1\class\Alpha-b-5-12_2.png,bad
C:\Users\clcou\Documents\GitHub\cotton-lumen\detect\..\datasets\Alpha_b-5-1\class\Alpha-b-5-12_21.png,bad
C:\Users\clcou\Documents\GitHub\cotton-lumen\detect\..\datasets\Alpha_b-5-1\class\Alpha-b-5-12_22.png,bad
C:\Users\clcou\Documents\GitHub\cotton-lumen\detect\..\datasets\Alpha_b-5-1\class\Alpha-b-5-12_23.png,bad
C:\Users\clcou\Documents\GitHub\cotton-lumen\detect\..\datasets\Alpha_b-5-1\class\Alpha-b-5-12_24.png,bad
C:\Users\clcou\Documents\GitHub\cotton-lumen\detect\..\datasets\Alpha_b-5-1\class\Alpha-b-5-12_25.png,bad
C:\Users\clcou\Documents\GitHub\cotton-lumen\detect\..\datasets\Alpha_b-5-1\class\Alpha-b-5-12_26.png,bad
C:\Users\clcou\Documents\GitHub\cotton-lumen\detect\..\datasets\Alpha_b-5-1\class\Alpha-b-5-12_28.png,bad
C:\Users\clcou\Documents\GitHub\cotton-lumen\detect\..\datasets\Alpha_b-5-1\class\Alpha-b-5-12_3.png,bad
C:\Users\clcou\Documents\GitHub\cotton-lumen\detect\..\datasets\Alpha_b-5-1\class\Alpha-b-5-12_30.png,bad
C:\Users\clcou\Documents\GitHub\cotton-lumen\detect\..\datasets\Alpha_b-5-1\class\Alpha-b-5-12_31.png,bad
C:\Users\clcou\Documents\GitHub\cotton-lumen\detect\..\datasets\Alpha_b-5-1\class\Alpha-b-5-12_34.png,bad
C:\Users\clcou\Documents\GitHub\cotton-lumen\detect\..\datasets\Alpha_b-5-1\class\Alpha-b-5-12_35.png,bad
C:\Users\clcou\Documents\GitHub\cotton-lumen\detect\..\datasets\Alpha_b-5-1\class\Alpha-b-5-12_37.png,bad
C:\Users\clcou\Documents\GitHub\cotton-lumen\detect\..\datasets\Alpha_b-5-1\class\Alpha-b-5-12_38.png,bad
C:\Users\clcou\Documents\GitHub\cotton-lumen\detect\..\datasets\Alpha_b-5-1\class\Alpha-b-5-12_39.png,bad
C:\Users\clcou\Documents\GitHub\cotton-lumen\detect\..\datasets\Alpha_b-5-1\class\Alpha-b-5-12_4.png,bad
C:\Users\clcou\Documents\GitHub\cotton-lumen\detect\..\datasets\Alpha_b-5-1\class\Alpha-b-5-12_40.png,bad
C:\Users\clcou\Documents\GitHub\cotton-lumen\detect\..\datasets\Alpha_b-5-1\class\Alpha-b-5-12_41.png,bad
C:\Users\clcou\Documents\GitHub\cotton-lumen\detect\..\datasets\Alpha_b-5-1\class\Alpha-b-5-12_42.png,bad
C:\Users\clcou\Documents\GitHub\cotton-lumen\detect\..\datasets\Alpha_b-5-1\class\Alpha-b-5-12_43.png,bad
C:\Users\clcou\Documents\GitHub\cotton-lumen\detect\..\datasets\Alpha_b-5-1\class\Alpha-b-5-12_8.png,bad
C:\Users\clcou\Documents\GitHub\cotton-lumen\detect\..\datasets\Alpha_b-5-1\class\Alpha-b-5-12_9.png,bad
C:\Users\clcou\Documents\GitHub\cotton-lumen\detect\..\datasets\Alpha_b-5-1\class\Alpha-b-5-13_0.png,bad
C:\Users\clcou\Documents\GitHub\cotton-lumen\detect\..\datasets\Alpha_b-5-1\class\Alpha-b-5-13_1.png,bad
C:\Users\clcou\Documents\GitHub\cotton-lumen\detect\..\datasets\Alpha_b-5-1\class\Alpha-b-5-13_10.png,bad
C:\Users\clcou\Documents\GitHub\cotton-lumen\detect\..\datasets\Alpha_b-5-1\class\Alpha-b-5-13_11.png,bad
C:\Users\clcou\Documents\GitHub\cotton-lumen\detect\..\datasets\Alpha_b-5-1\class\Alpha-b-5-13_12.png,bad
C:\Users\clcou\Documents\GitHub\cotton-lumen\detect\..\datasets\Alpha_b-5-1\class\Alpha-b-5-13_13.png,bad
C:\Users\clcou\Documents\GitHub\cotton-lumen\detect\..\datasets\Alpha_b-5-1\class\Alpha-b-5-13_14.png,bad
C:\Users\clcou\Documents\GitHub\cotton-lumen\detect\..\datasets\Alpha_b-5-1\class\Alpha-b-5-13_15.png,bad
C:\Users\clcou\Documents\GitHub\cotton-lumen\detect\..\datasets\Alpha_b-5-1\class\Alpha-b-5-13_16.png,bad
C:\Users\clcou\Documents\GitHub\cotton-lumen\detect\..\datasets\Alpha_b-5-1\class\Alpha-b-5-13_17.png,bad
C:\Users\clcou\Documents\GitHub\cotton-lumen\detect\..\datasets\Alpha_b-5-1\class\Alpha-b-5-13_18.png,bad
C:\Users\clcou\Documents\GitHub\cotton-lumen\detect\..\datasets\Alpha_b-5-1\class\Alpha-b-5-13_19.png,bad
C:\Users\clcou\Documents\GitHub\cotton-lumen\detect\..\datasets\Alpha_b-5-1\class\Alpha-b-5-13_2.png,bad
C:\Users\clcou\Documents\GitHub\cotton-lumen\detect\..\datasets\Alpha_b-5-1\class\Alpha-b-5-13_20.png,bad
C:\Users\clcou\Documents\GitHub\cotton-lumen\detect\..\datasets\Alpha_b-5-1\class\Alpha-b-5-13_21.png,bad
C:\Users\clcou\Documents\GitHub\cotton-lumen\detect\..\datasets\Alpha_b-5-1\class\Alpha-b-5-13_22.png,bad
C:\Users\clcou\Documents\GitHub\cotton-lumen\detect\..\datasets\Alpha_b-5-1\class\Alpha-b-5-13_23.png,bad
C:\Users\clcou\Documents\GitHub\cotton-lumen\detect\..\datasets\Alpha_b-5-1\class\Alpha-b-5-13_24.png,bad
C:\Users\clcou\Documents\GitHub\cotton-lumen\detect\..\datasets\Alpha_b-5-1\class\Alpha-b-5-13_25.png,bad
C:\Users\clcou\Documents\GitHub\cotton-lumen\detect\..\datasets\Alpha_b-5-1\class\Alpha-b-5-13_27.png,bad
C:\Users\clcou\Documents\GitHub\cotton-lumen\detect\..\datasets\Alpha_b-5-1\class\Alpha-b-5-13_29.png,bad
C:\Users\clcou\Documents\GitHub\cotton-lumen\detect\..\datasets\Alpha_b-5-1\class\Alpha-b-5-13_3.png,bad
C:\Users\clcou\Documents\GitHub\cotton-lumen\detect\..\datasets\Alpha_b-5-1\class\Alpha-b-5-13_30.png,bad
C:\Users\clcou\Documents\GitHub\cotton-lumen\detect\..\datasets\Alpha_b-5-1\class\Alpha-b-5-13_32.png,bad
C:\Users\clcou\Documents\GitHub\cotton-lumen\detect\..\datasets\Alpha_b-5-1\class\Alpha-b-5-13_33.png,bad
C:\Users\clcou\Documents\GitHub\cotton-lumen\detect\..\datasets\Alpha_b-5-1\class\Alpha-b-5-13_34.png,bad
C:\Users\clcou\Documents\GitHub\cotton-lumen\detect\..\datasets\Alpha_b-5-1\class\Alpha-b-5-13_35.png,bad
C:\Users\clcou\Documents\GitHub\cotton-lumen\detect\..\datasets\Alpha_b-5-1\class\Alpha-b-5-13_37.png,bad
C:\Users\clcou\Documents\GitHub\cotton-lumen\detect\..\datasets\Alpha_b-5-1\class\Alpha-b-5-13_38.png,bad
C:\Users\clcou\Documents\GitHub\cotton-lumen\detect\..\datasets\Alpha_b-5-1\class\Alpha-b-5-13_39.png,bad
C:\Users\clcou\Documents\GitHub\cotton-lumen\detect\..\datasets\Alpha_b-5-1\class\Alpha-b-5-13_4.png,bad
C:\Users\clcou\Documents\GitHub\cotton-lumen\detect\..\datasets\Alpha_b-5-1\class\Alpha-b-5-13_40.png,bad
C:\Users\clcou\Documents\GitHub\cotton-lumen\detect\..\datasets\Alpha_b-5-1\class\Alpha-b-5-13_41.png,bad
C:\Users\clcou\Documents\GitHub\cotton-lumen\detect\..\datasets\Alpha_b-5-1\class\Alpha-b-5-13_42.png,bad
C:\Users\clcou\Documents\GitHub\cotton-lumen\detect\..\datasets\Alpha_b-5-1\class\Alpha-b-5-13_5.png,bad
C:\Users\clcou\Documents\GitHub\cotton-lumen\detect\..\datasets\Alpha_b-5-1\class\Alpha-b-5-13_6.png,bad
C:\Users\clcou\Documents\GitHub\cotton-lumen\detect\..\datasets\Alpha_b-5-1\class\Alpha-b-5-13_9.png,bad
C:\Users\clcou\Documents\GitHub\cotton-lumen\detect\..\datasets\Alpha_b-5-1\class\Alpha-b-5-14_0.png,bad
C:\Users\clcou\Documents\GitHub\cotton-lumen\detect\..\datasets\Alpha_b-5-1\class\Alpha-b-5-14_1.png,bad
C:\Users\clcou\Documents\GitHub\cotton-lumen\detect\..\datasets\Alpha_b-5-1\class\Alpha-b-5-14_10.png,bad
C:\Users\clcou\Documents\GitHub\cotton-lumen\detect\..\datasets\Alpha_b-5-1\class\Alpha-b-5-14_11.png,bad
C:\Users\clcou\Documents\GitHub\cotton-lumen\detect\..\datasets\Alpha_b-5-1\class\Alpha-b-5-14_12.png,bad
C:\Users\clcou\Documents\GitHub\cotton-lumen\detect\..\datasets\Alpha_b-5-1\class\Alpha-b-5-14_14.png,bad
C:\Users\clcou\Documents\GitHub\cotton-lumen\detect\..\datasets\Alpha_b-5-1\class\Alpha-b-5-14_16.png,bad
C:\Users\clcou\Documents\GitHub\cotton-lumen\detect\..\datasets\Alpha_b-5-1\class\Alpha-b-5-14_18.png,bad
C:\Users\clcou\Documents\GitHub\cotton-lumen\detect\..\datasets\Alpha_b-5-1\class\Alpha-b-5-14_2.png,bad
C:\Users\clcou\Documents\GitHub\cotton-lumen\detect\..\datasets\Alpha_b-5-1\class\Alpha-b-5-14_20.png,bad
C:\Users\clcou\Documents\GitHub\cotton-lumen\detect\..\datasets\Alpha_b-5-1\class\Alpha-b-5-14_21.png,bad
C:\Users\clcou\Documents\GitHub\cotton-lumen\detect\..\datasets\Alpha_b-5-1\class\Alpha-b-5-14_24.png,bad
C:\Users\clcou\Documents\GitHub\cotton-lumen\detect\..\datasets\Alpha_b-5-1\class\Alpha-b-5-14_26.png,bad
C:\Users\clcou\Documents\GitHub\cotton-lumen\detect\..\datasets\Alpha_b-5-1\class\Alpha-b-5-14_27.png,bad
C:\Users\clcou\Documents\GitHub\cotton-lumen\detect\..\datasets\Alpha_b-5-1\class\Alpha-b-5-14_3.png,bad
C:\Users\clcou\Documents\GitHub\cotton-lumen\detect\..\datasets\Alpha_b-5-1\class\Alpha-b-5-14_32.png,bad
C:\Users\clcou\Documents\GitHub\cotton-lumen\detect\..\datasets\Alpha_b-5-1\class\Alpha-b-5-14_33.png,bad
C:\Users\clcou\Documents\GitHub\cotton-lumen\detect\..\datasets\Alpha_b-5-1\class\Alpha-b-5-14_34.png,bad
C:\Users\clcou\Documents\GitHub\cotton-lumen\detect\..\datasets\Alpha_b-5-1\class\Alpha-b-5-14_36.png,bad
C:\Users\clcou\Documents\GitHub\cotton-lumen\detect\..\datasets\Alpha_b-5-1\class\Alpha-b-5-14_38.png,bad
C:\Users\clcou\Documents\GitHub\cotton-lumen\detect\..\datasets\Alpha_b-5-1\class\Alpha-b-5-14_39.png,bad
C:\Users\clcou\Documents\GitHub\cotton-lumen\detect\..\datasets\Alpha_b-5-1\class\Alpha-b-5-14_4.png,bad
C:\Users\clcou\Documents\GitHub\cotton-lumen\detect\..\datasets\Alpha_b-5-1\class\Alpha-b-5-14_40.png,bad
C:\Users\clcou\Documents\GitHub\cotton-lumen\detect\..\datasets\Alpha_b-5-1\class\Alpha-b-5-14_42.png,bad
C:\Users\clcou\Documents\GitHub\cotton-lumen\detect\..\datasets\Alpha_b-5-1\class\Alpha-b-5-14_43.png,bad
C:\Users\clcou\Documents\GitHub\cotton-lumen\detect\..\datasets\Alpha_b-5-1\class\Alpha-b-5-14_47.png,bad
C:\Users\clcou\Documents\GitHub\cotton-lumen\detect\..\datasets\Alpha_b-5-1\class\Alpha-b-5-14_49.png,bad
C:\Users\clcou\Documents\GitHub\cotton-lumen\detect\..\datasets\Alpha_b-5-1\class\Alpha-b-5-14_5.png,bad
C:\Users\clcou\Documents\GitHub\cotton-lumen\detect\..\datasets\Alpha_b-5-1\class\Alpha-b-5-14_50.png,bad
C:\Users\clcou\Documents\GitHub\cotton-lumen\detect\..\datasets\Alpha_b-5-1\class\Alpha-b-5-14_51.png,bad
C:\Users\clcou\Documents\GitHub\cotton-lumen\detect\..\datasets\Alpha_b-5-1\class\Alpha-b-5-14_52.png,bad
C:\Users\clcou\Documents\GitHub\cotton-lumen\detect\..\datasets\Alpha_b-5-1\class\Alpha-b-5-14_53.png,bad
C:\Users\clcou\Documents\GitHub\cotton-lumen\detect\..\datasets\Alpha_b-5-1\class\Alpha-b-5-14_55.png,bad
C:\Users\clcou\Documents\GitHub\cotton-lumen\detect\..\datasets\Alpha_b-5-1\class\Alpha-b-5-14_6.png,bad
C:\Users\clcou\Documents\GitHub\cotton-lumen\detect\..\datasets\Alpha_b-5-1\class\Alpha-b-5-14_7.png,bad
C:\Users\clcou\Documents\GitHub\cotton-lumen\detect\..\datasets\Alpha_b-5-1\class\Alpha-b-5-14_8.png,bad
C:\Users\clcou\Documents\GitHub\cotton-lumen\detect\..\datasets\Alpha_b-5-1\class\Alpha-b-5-14_9.png,bad
C:\Users\clcou\Documents\GitHub\cotton-lumen\detect\..\datasets\Alpha_b-5-1\class\Alpha-b-5-15_10.png,bad
C:\Users\clcou\Documents\GitHub\cotton-lumen\detect\..\datasets\Alpha_b-5-1\class\Alpha-b-5-15_11.png,bad
C:\Users\clcou\Documents\GitHub\cotton-lumen\detect\..\datasets\Alpha_b-5-1\class\Alpha-b-5-15_12.png,bad
C:\Users\clcou\Documents\GitHub\cotton-lumen\detect\..\datasets\Alpha_b-5-1\class\Alpha-b-5-15_13.png,bad
C:\Users\clcou\Documents\GitHub\cotton-lumen\detect\..\datasets\Alpha_b-5-1\class\Alpha-b-5-15_16.png,bad
C:\Users\clcou\Documents\GitHub\cotton-lumen\detect\..\datasets\Alpha_b-5-1\class\Alpha-b-5-15_17.png,bad
C:\Users\clcou\Documents\GitHub\cotton-lumen\detect\..\datasets\Alpha_b-5-1\class\Alpha-b-5-15_18.png,bad
C:\Users\clcou\Documents\GitHub\cotton-lumen\detect\..\datasets\Alpha_b-5-1\class\Alpha-b-5-15_2.png,bad
C:\Users\clcou\Documents\GitHub\cotton-lumen\detect\..\datasets\Alpha_b-5-1\class\Alpha-b-5-15_24.png,bad
C:\Users\clcou\Documents\GitHub\cotton-lumen\detect\..\datasets\Alpha_b-5-1\class\Alpha-b-5-15_25.png,bad
C:\Users\clcou\Documents\GitHub\cotton-lumen\detect\..\datasets\Alpha_b-5-1\class\Alpha-b-5-15_26.png,bad
C:\Users\clcou\Documents\GitHub\cotton-lumen\detect\..\datasets\Alpha_b-5-1\class\Alpha-b-5-15_29.png,bad
C:\Users\clcou\Documents\GitHub\cotton-lumen\detect\..\datasets\Alpha_b-5-1\class\Alpha-b-5-15_3.png,bad
C:\Users\clcou\Documents\GitHub\cotton-lumen\detect\..\datasets\Alpha_b-5-1\class\Alpha-b-5-15_30.png,bad
C:\Users\clcou\Documents\GitHub\cotton-lumen\detect\..\datasets\Alpha_b-5-1\class\Alpha-b-5-15_31.png,bad
C:\Users\clcou\Documents\GitHub\cotton-lumen\detect\..\datasets\Alpha_b-5-1\class\Alpha-b-5-15_32.png,bad
C:\Users\clcou\Documents\GitHub\cotton-lumen\detect\..\datasets\Alpha_b-5-1\class\Alpha-b-5-15_33.png,bad
C:\Users\clcou\Documents\GitHub\cotton-lumen\detect\..\datasets\Alpha_b-5-1\class\Alpha-b-5-15_34.png,bad
C:\Users\clcou\Documents\GitHub\cotton-lumen\detect\..\datasets\Alpha_b-5-1\class\Alpha-b-5-15_35.png,bad
C:\Users\clcou\Documents\GitHub\cotton-lumen\detect\..\datasets\Alpha_b-5-1\class\Alpha-b-5-15_36.png,bad
C:\Users\clcou\Documents\GitHub\cotton-lumen\detect\..\datasets\Alpha_b-5-1\class\Alpha-b-5-15_37.png,bad
C:\Users\clcou\Documents\GitHub\cotton-lumen\detect\..\datasets\Alpha_b-5-1\class\Alpha-b-5-15_38.png,bad
C:\Users\clcou\Documents\GitHub\cotton-lumen\detect\..\datasets\Alpha_b-5-1\class\Alpha-b-5-15_4.png,bad
C:\Users\clcou\Documents\GitHub\cotton-lumen\detect\..\datasets\Alpha_b-5-1\class\Alpha-b-5-15_40.png,bad
C:\Users\clcou\Documents\GitHub\cotton-lumen\detect\..\datasets\Alpha_b-5-1\class\Alpha-b-5-15_42.png,bad
C:\Users\clcou\Documents\GitHub\cotton-lumen\detect\..\datasets\Alpha_b-5-1\class\Alpha-b-5-15_43.png,bad
C:\Users\clcou\Documents\GitHub\cotton-lumen\detect\..\datasets\Alpha_b-5-1\class\Alpha-b-5-15_44.png,bad
C:\Users\clcou\Documents\GitHub\cotton-lumen\detect\..\datasets\Alpha_b-5-1\class\Alpha-b-5-15_45.png,bad
C:\Users\clcou\Documents\GitHub\cotton-lumen\detect\..\datasets\Alpha_b-5-1\class\Alpha-b-5-15_48.png,bad
C:\Users\clcou\Documents\GitHub\cotton-lumen\detect\..\datasets\Alpha_b-5-1\class\Alpha-b-5-15_5.png,bad
C:\Users\clcou\Documents\GitHub\cotton-lumen\detect\..\datasets\Alpha_b-5-1\class\Alpha-b-5-15_50.png,bad
C:\Users\clcou\Documents\GitHub\cotton-lumen\detect\..\datasets\Alpha_b-5-1\class\Alpha-b-5-15_51.png,bad
C:\Users\clcou\Documents\GitHub\cotton-lumen\detect\..\datasets\Alpha_b-5-1\class\Alpha-b-5-15_52.png,bad
C:\Users\clcou\Documents\GitHub\cotton-lumen\detect\..\datasets\Alpha_b-5-1\class\Alpha-b-5-15_53.png,bad
C:\Users\clcou\Documents\GitHub\cotton-lumen\detect\..\datasets\Alpha_b-5-1\class\Alpha-b-5-15_54.png,bad
C:\Users\clcou\Documents\GitHub\cotton-lumen\detect\..\datasets\Alpha_b-5-1\class\Alpha-b-5-15_56.png,bad
C:\Users\clcou\Documents\GitHub\cotton-lumen\detect\..\datasets\Alpha_b-5-1\class\Alpha-b-5-15_58.png,bad
C:\Users\clcou\Documents\GitHub\cotton-lumen\detect\..\datasets\Alpha_b-5-1\class\Alpha-b-5-15_59.png,bad
C:\Users\clcou\Documents\GitHub\cotton-lumen\detect\..\datasets\Alpha_b-5-1\class\Alpha-b-5-15_6.png,bad
C:\Users\clcou\Documents\GitHub\cotton-lumen\detect\..\datasets\Alpha_b-5-1\class\Alpha-b-5-15_60.png,bad
C:\Users\clcou\Documents\GitHub\cotton-lumen\detect\..\datasets\Alpha_b-5-1\class\Alpha-b-5-15_62.png,bad
C:\Users\clcou\Documents\GitHub\cotton-lumen\detect\..\datasets\Alpha_b-5-1\class\Alpha-b-5-15_63.png,bad
C:\Users\clcou\Documents\GitHub\cotton-lumen\detect\..\datasets\Alpha_b-5-1\class\Alpha-b-5-15_64.png,bad
C:\Users\clcou\Documents\GitHub\cotton-lumen\detect\..\datasets\Alpha_b-5-1\class\Alpha-b-5-15_65.png,bad
C:\Users\clcou\Documents\GitHub\cotton-lumen\detect\..\datasets\Alpha_b-5-1\class\Alpha-b-5-15_66.png,bad
C:\Users\clcou\Documents\GitHub\cotton-lumen\detect\..\datasets\Alpha_b-5-1\class\Alpha-b-5-15_67.png,bad
C:\Users\clcou\Documents\GitHub\cotton-lumen\detect\..\datasets\Alpha_b-5-1\class\Alpha-b-5-15_68.png,bad
C:\Users\clcou\Documents\GitHub\cotton-lumen\detect\..\datasets\Alpha_b-5-1\class\Alpha-b-5-15_69.png,bad
C:\Users\clcou\Documents\GitHub\cotton-lumen\detect\..\datasets\Alpha_b-5-1\class\Alpha-b-5-15_7.png,bad
C:\Users\clcou\Documents\GitHub\cotton-lumen\detect\..\datasets\Alpha_b-5-1\class\Alpha-b-5-15_71.png,bad
C:\Users\clcou\Documents\GitHub\cotton-lumen\detect\..\datasets\Alpha_b-5-1\class\Alpha-b-5-15_74.png,bad
C:\Users\clcou\Documents\GitHub\cotton-lumen\detect\..\datasets\Alpha_b-5-1\class\Alpha-b-5-15_75.png,bad
C:\Users\clcou\Documents\GitHub\cotton-lumen\detect\..\datasets\Alpha_b-5-1\class\Alpha-b-5-15_76.png,bad
C:\Users\clcou\Documents\GitHub\cotton-lumen\detect\..\datasets\Alpha_b-5-1\class\Alpha-b-5-15_77.png,bad
C:\Users\clcou\Documents\GitHub\cotton-lumen\detect\..\datasets\Alpha_b-5-1\class\Alpha-b-5-15_78.png,bad
C:\Users\clcou\Documents\GitHub\cotton-lumen\detect\..\datasets\Alpha_b-5-1\class\Alpha-b-5-15_79.png,bad
C:\Users\clcou\Documents\GitHub\cotton-lumen\detect\..\datasets\Alpha_b-5-1\class\Alpha-b-5-15_80.png,bad
C:\Users\clcou\Documents\GitHub\cotton-lumen\detect\..\datasets\Alpha_b-5-1\class\Alpha-b-5-15_9.png,bad
C:\Users\clcou\Documents\GitHub\cotton-lumen\detect\..\datasets\Alpha_b-5-1\class\Alpha-b-5-16_0.png,bad
C:\Users\clcou\Documents\GitHub\cotton-lumen\detect\..\datasets\Alpha_b-5-1\class\Alpha-b-5-16_10.png,bad
C:\Users\clcou\Documents\GitHub\cotton-lumen\detect\..\datasets\Alpha_b-5-1\class\Alpha-b-5-16_13.png,bad
C:\Users\clcou\Documents\GitHub\cotton-lumen\detect\..\datasets\Alpha_b-5-1\class\Alpha-b-5-16_14.png,bad
C:\Users\clcou\Documents\GitHub\cotton-lumen\detect\..\datasets\Alpha_b-5-1\class\Alpha-b-5-16_18.png,bad
C:\Users\clcou\Documents\GitHub\cotton-lumen\detect\..\datasets\Alpha_b-5-1\class\Alpha-b-5-16_20.png,bad
C:\Users\clcou\Documents\GitHub\cotton-lumen\detect\..\datasets\Alpha_b-5-1\class\Alpha-b-5-16_21.png,bad
C:\Users\clcou\Documents\GitHub\cotton-lumen\detect\..\datasets\Alpha_b-5-1\class\Alpha-b-5-16_22.png,bad
C:\Users\clcou\Documents\GitHub\cotton-lumen\detect\..\datasets\Alpha_b-5-1\class\Alpha-b-5-16_23.png,bad
C:\Users\clcou\Documents\GitHub\cotton-lumen\detect\..\datasets\Alpha_b-5-1\class\Alpha-b-5-16_25.png,bad
C:\Users\clcou\Documents\GitHub\cotton-lumen\detect\..\datasets\Alpha_b-5-1\class\Alpha-b-5-16_26.png,bad
C:\Users\clcou\Documents\GitHub\cotton-lumen\detect\..\datasets\Alpha_b-5-1\class\Alpha-b-5-16_27.png,bad
C:\Users\clcou\Documents\GitHub\cotton-lumen\detect\..\datasets\Alpha_b-5-1\class\Alpha-b-5-16_28.png,bad
C:\Users\clcou\Documents\GitHub\cotton-lumen\detect\..\datasets\Alpha_b-5-1\class\Alpha-b-5-16_29.png,bad
C:\Users\clcou\Documents\GitHub\cotton-lumen\detect\..\datasets\Alpha_b-5-1\class\Alpha-b-5-16_3.png,bad
C:\Users\clcou\Documents\GitHub\cotton-lumen\detect\..\datasets\Alpha_b-5-1\class\Alpha-b-5-16_30.png,bad
C:\Users\clcou\Documents\GitHub\cotton-lumen\detect\..\datasets\Alpha_b-5-1\class\Alpha-b-5-16_31.png,bad
C:\Users\clcou\Documents\GitHub\cotton-lumen\detect\..\datasets\Alpha_b-5-1\class\Alpha-b-5-16_32.png,bad
C:\Users\clcou\Documents\GitHub\cotton-lumen\detect\..\datasets\Alpha_b-5-1\class\Alpha-b-5-16_33.png,bad
C:\Users\clcou\Documents\GitHub\cotton-lumen\detect\..\datasets\Alpha_b-5-1\class\Alpha-b-5-16_34.png,bad
C:\Users\clcou\Documents\GitHub\cotton-lumen\detect\..\datasets\Alpha_b-5-1\class\Alpha-b-5-16_36.png,bad
C:\Users\clcou\Documents\GitHub\cotton-lumen\detect\..\datasets\Alpha_b-5-1\class\Alpha-b-5-16_37.png,bad
C:\Users\clcou\Documents\GitHub\cotton-lumen\detect\..\datasets\Alpha_b-5-1\class\Alpha-b-5-16_39.png,bad
C:\Users\clcou\Documents\GitHub\cotton-lumen\detect\..\datasets\Alpha_b-5-1\class\Alpha-b-5-16_4.png,bad
C:\Users\clcou\Documents\GitHub\cotton-lumen\detect\..\datasets\Alpha_b-5-1\class\Alpha-b-5-16_40.png,bad
C:\Users\clcou\Documents\GitHub\cotton-lumen\detect\..\datasets\Alpha_b-5-1\class\Alpha-b-5-16_41.png,bad
C:\Users\clcou\Documents\GitHub\cotton-lumen\detect\..\datasets\Alpha_b-5-1\class\Alpha-b-5-16_42.png,bad
C:\Users\clcou\Documents\GitHub\cotton-lumen\detect\..\datasets\Alpha_b-5-1\class\Alpha-b-5-16_44.png,bad
C:\Users\clcou\Documents\GitHub\cotton-lumen\detect\..\datasets\Alpha_b-5-1\class\Alpha-b-5-16_45.png,bad
C:\Users\clcou\Documents\GitHub\cotton-lumen\detect\..\datasets\Alpha_b-5-1\class\Alpha-b-5-16_46.png,bad
C:\Users\clcou\Documents\GitHub\cotton-lumen\detect\..\datasets\Alpha_b-5-1\class\Alpha-b-5-16_5.png,bad
C:\Users\clcou\Documents\GitHub\cotton-lumen\detect\..\datasets\Alpha_b-5-1\class\Alpha-b-5-16_52.png,bad
C:\Users\clcou\Documents\GitHub\cotton-lumen\detect\..\datasets\Alpha_b-5-1\class\Alpha-b-5-16_53.png,bad
C:\Users\clcou\Documents\GitHub\cotton-lumen\detect\..\datasets\Alpha_b-5-1\class\Alpha-b-5-16_54.png,bad
C:\Users\clcou\Documents\GitHub\cotton-lumen\detect\..\datasets\Alpha_b-5-1\class\Alpha-b-5-16_55.png,bad
C:\Users\clcou\Documents\GitHub\cotton-lumen\detect\..\datasets\Alpha_b-5-1\class\Alpha-b-5-16_56.png,bad
C:\Users\clcou\Documents\GitHub\cotton-lumen\detect\..\datasets\Alpha_b-5-1\class\Alpha-b-5-16_57.png,bad
C:\Users\clcou\Documents\GitHub\cotton-lumen\detect\..\datasets\Alpha_b-5-1\class\Alpha-b-5-16_58.png,bad
C:\Users\clcou\Documents\GitHub\cotton-lumen\detect\..\datasets\Alpha_b-5-1\class\Alpha-b-5-16_59.png,bad
C:\Users\clcou\Documents\GitHub\cotton-lumen\detect\..\datasets\Alpha_b-5-1\class\Alpha-b-5-16_6.png,bad
C:\Users\clcou\Documents\GitHub\cotton-lumen\detect\..\datasets\Alpha_b-5-1\class\Alpha-b-5-16_61.png,bad
C:\Users\clcou\Documents\GitHub\cotton-lumen\detect\..\datasets\Alpha_b-5-1\class\Alpha-b-5-16_62.png,bad
C:\Users\clcou\Documents\GitHub\cotton-lumen\detect\..\datasets\Alpha_b-5-1\class\Alpha-b-5-16_63.png,bad
C:\Users\clcou\Documents\GitHub\cotton-lumen\detect\..\datasets\Alpha_b-5-1\class\Alpha-b-5-16_64.png,bad
C:\Users\clcou\Documents\GitHub\cotton-lumen\detect\..\datasets\Alpha_b-5-1\class\Alpha-b-5-16_65.png,bad
C:\Users\clcou\Documents\GitHub\cotton-lumen\detect\..\datasets\Alpha_b-5-1\class\Alpha-b-5-16_66.png,bad
C:\Users\clcou\Documents\GitHub\cotton-lumen\detect\..\datasets\Alpha_b-5-1\class\Alpha-b-5-16_67.png,bad
C:\Users\clcou\Documents\GitHub\cotton-lumen\detect\..\datasets\Alpha_b-5-1\class\Alpha-b-5-16_68.png,bad
C:\Users\clcou\Documents\GitHub\cotton-lumen\detect\..\datasets\Alpha_b-5-1\class\Alpha-b-5-16_69.png,bad
C:\Users\clcou\Documents\GitHub\cotton-lumen\detect\..\datasets\Alpha_b-5-1\class\Alpha-b-5-16_7.png,bad
C:\Users\clcou\Documents\GitHub\cotton-lumen\detect\..\datasets\Alpha_b-5-1\class\Alpha-b-5-16_70.png,bad
C:\Users\clcou\Documents\GitHub\cotton-lumen\detect\..\datasets\Alpha_b-5-1\class\Alpha-b-5-16_71.png,bad
C:\Users\clcou\Documents\GitHub\cotton-lumen\detect\..\datasets\Alpha_b-5-1\class\Alpha-b-5-16_72.png,bad
C:\Users\clcou\Documents\GitHub\cotton-lumen\detect\..\datasets\Alpha_b-5-1\class\Alpha-b-5-16_73.png,bad
C:\Users\clcou\Documents\GitHub\cotton-lumen\detect\..\datasets\Alpha_b-5-1\class\Alpha-b-5-16_74.png,bad
C:\Users\clcou\Documents\GitHub\cotton-lumen\detect\..\datasets\Alpha_b-5-1\class\Alpha-b-5-16_76.png,bad
C:\Users\clcou\Documents\GitHub\cotton-lumen\detect\..\datasets\Alpha_b-5-1\class\Alpha-b-5-16_77.png,bad
C:\Users\clcou\Documents\GitHub\cotton-lumen\detect\..\datasets\Alpha_b-5-1\class\Alpha-b-5-16_78.png,bad
C:\Users\clcou\Documents\GitHub\cotton-lumen\detect\..\datasets\Alpha_b-5-1\class\Alpha-b-5-16_79.png,bad
C:\Users\clcou\Documents\GitHub\cotton-lumen\detect\..\datasets\Alpha_b-5-1\class\Alpha-b-5-16_8.png,bad
C:\Users\clcou\Documents\GitHub\cotton-lumen\detect\..\datasets\Alpha_b-5-1\class\Alpha-b-5-16_80.png,bad
C:\Users\clcou\Documents\GitHub\cotton-lumen\detect\..\datasets\Alpha_b-5-1\class\Alpha-b-5-16_82.png,bad
C:\Users\clcou\Documents\GitHub\cotton-lumen\detect\..\datasets\Alpha_b-5-1\class\Alpha-b-5-16_83.png,bad
C:\Users\clcou\Documents\GitHub\cotton-lumen\detect\..\datasets\Alpha_b-5-1\class\Alpha-b-5-16_85.png,bad
C:\Users\clcou\Documents\GitHub\cotton-lumen\detect\..\datasets\Alpha_b-5-1\class\Alpha-b-5-16_86.png,bad
C:\Users\clcou\Documents\GitHub\cotton-lumen\detect\..\datasets\Alpha_b-5-1\class\Alpha-b-5-16_87.png,bad
C:\Users\clcou\Documents\GitHub\cotton-lumen\detect\..\datasets\Alpha_b-5-1\class\Alpha-b-5-16_89.png,bad
C:\Users\clcou\Documents\GitHub\cotton-lumen\detect\..\datasets\Alpha_b-5-1\class\Alpha-b-5-16_9.png,bad
C:\Users\clcou\Documents\GitHub\cotton-lumen\detect\..\datasets\Alpha_b-5-1\class\Alpha-b-5-16_91.png,bad
C:\Users\clcou\Documents\GitHub\cotton-lumen\detect\..\datasets\Alpha_b-5-1\class\Alpha-b-5-17_1.png,bad
C:\Users\clcou\Documents\GitHub\cotton-lumen\detect\..\datasets\Alpha_b-5-1\class\Alpha-b-5-17_10.png,bad
C:\Users\clcou\Documents\GitHub\cotton-lumen\detect\..\datasets\Alpha_b-5-1\class\Alpha-b-5-17_13.png,bad
C:\Users\clcou\Documents\GitHub\cotton-lumen\detect\..\datasets\Alpha_b-5-1\class\Alpha-b-5-17_14.png,bad
C:\Users\clcou\Documents\GitHub\cotton-lumen\detect\..\datasets\Alpha_b-5-1\class\Alpha-b-5-17_24.png,bad
C:\Users\clcou\Documents\GitHub\cotton-lumen\detect\..\datasets\Alpha_b-5-1\class\Alpha-b-5-17_25.png,bad
C:\Users\clcou\Documents\GitHub\cotton-lumen\detect\..\datasets\Alpha_b-5-1\class\Alpha-b-5-17_26.png,bad
C:\Users\clcou\Documents\GitHub\cotton-lumen\detect\..\datasets\Alpha_b-5-1\class\Alpha-b-5-17_29.png,bad
C:\Users\clcou\Documents\GitHub\cotton-lumen\detect\..\datasets\Alpha_b-5-1\class\Alpha-b-5-17_3.png,bad
C:\Users\clcou\Documents\GitHub\cotton-lumen\detect\..\datasets\Alpha_b-5-1\class\Alpha-b-5-17_30.png,bad
C:\Users\clcou\Documents\GitHub\cotton-lumen\detect\..\datasets\Alpha_b-5-1\class\Alpha-b-5-17_32.png,bad
C:\Users\clcou\Documents\GitHub\cotton-lumen\detect\..\datasets\Alpha_b-5-1\class\Alpha-b-5-17_33.png,bad
C:\Users\clcou\Documents\GitHub\cotton-lumen\detect\..\datasets\Alpha_b-5-1\class\Alpha-b-5-17_35.png,bad
C:\Users\clcou\Documents\GitHub\cotton-lumen\detect\..\datasets\Alpha_b-5-1\class\Alpha-b-5-17_36.png,bad
C:\Users\clcou\Documents\GitHub\cotton-lumen\detect\..\datasets\Alpha_b-5-1\class\Alpha-b-5-17_37.png,bad
C:\Users\clcou\Documents\GitHub\cotton-lumen\detect\..\datasets\Alpha_b-5-1\class\Alpha-b-5-17_39.png,bad
C:\Users\clcou\Documents\GitHub\cotton-lumen\detect\..\datasets\Alpha_b-5-1\class\Alpha-b-5-17_4.png,bad
C:\Users\clcou\Documents\GitHub\cotton-lumen\detect\..\datasets\Alpha_b-5-1\class\Alpha-b-5-17_40.png,bad
C:\Users\clcou\Documents\GitHub\cotton-lumen\detect\..\datasets\Alpha_b-5-1\class\Alpha-b-5-17_41.png,bad
C:\Users\clcou\Documents\GitHub\cotton-lumen\detect\..\datasets\Alpha_b-5-1\class\Alpha-b-5-17_45.png,bad
C:\Users\clcou\Documents\GitHub\cotton-lumen\detect\..\datasets\Alpha_b-5-1\class\Alpha-b-5-17_47.png,bad
C:\Users\clcou\Documents\GitHub\cotton-lumen\detect\..\datasets\Alpha_b-5-1\class\Alpha-b-5-17_48.png,bad
C:\Users\clcou\Documents\GitHub\cotton-lumen\detect\..\datasets\Alpha_b-5-1\class\Alpha-b-5-17_49.png,bad
C:\Users\clcou\Documents\GitHub\cotton-lumen\detect\..\datasets\Alpha_b-5-1\class\Alpha-b-5-17_5.png,bad
C:\Users\clcou\Documents\GitHub\cotton-lumen\detect\..\datasets\Alpha_b-5-1\class\Alpha-b-5-17_50.png,bad
C:\Users\clcou\Documents\GitHub\cotton-lumen\detect\..\datasets\Alpha_b-5-1\class\Alpha-b-5-17_51.png,bad
C:\Users\clcou\Documents\GitHub\cotton-lumen\detect\..\datasets\Alpha_b-5-1\class\Alpha-b-5-17_52.png,bad
C:\Users\clcou\Documents\GitHub\cotton-lumen\detect\..\datasets\Alpha_b-5-1\class\Alpha-b-5-17_7.png,bad
C:\Users\clcou\Documents\GitHub\cotton-lumen\detect\..\datasets\Alpha_b-5-1\class\Alpha-b-5-17_9.png,bad
C:\Users\clcou\Documents\GitHub\cotton-lumen\detect\..\datasets\Alpha_b-5-1\class\Alpha-b-5-18_0.png,bad
C:\Users\clcou\Documents\GitHub\cotton-lumen\detect\..\datasets\Alpha_b-5-1\class\Alpha-b-5-18_1.png,bad
C:\Users\clcou\Documents\GitHub\cotton-lumen\detect\..\datasets\Alpha_b-5-1\class\Alpha-b-5-18_10.png,bad
C:\Users\clcou\Documents\GitHub\cotton-lumen\detect\..\datasets\Alpha_b-5-1\class\Alpha-b-5-18_11.png,bad
C:\Users\clcou\Documents\GitHub\cotton-lumen\detect\..\datasets\Alpha_b-5-1\class\Alpha-b-5-18_13.png,bad
C:\Users\clcou\Documents\GitHub\cotton-lumen\detect\..\datasets\Alpha_b-5-1\class\Alpha-b-5-18_14.png,bad
C:\Users\clcou\Documents\GitHub\cotton-lumen\detect\..\datasets\Alpha_b-5-1\class\Alpha-b-5-18_15.png,bad
C:\Users\clcou\Documents\GitHub\cotton-lumen\detect\..\datasets\Alpha_b-5-1\class\Alpha-b-5-18_19.png,bad
C:\Users\clcou\Documents\GitHub\cotton-lumen\detect\..\datasets\Alpha_b-5-1\class\Alpha-b-5-18_2.png,bad
C:\Users\clcou\Documents\GitHub\cotton-lumen\detect\..\datasets\Alpha_b-5-1\class\Alpha-b-5-18_20.png,bad
C:\Users\clcou\Documents\GitHub\cotton-lumen\detect\..\datasets\Alpha_b-5-1\class\Alpha-b-5-18_21.png,bad
C:\Users\clcou\Documents\GitHub\cotton-lumen\detect\..\datasets\Alpha_b-5-1\class\Alpha-b-5-18_22.png,bad
C:\Users\clcou\Documents\GitHub\cotton-lumen\detect\..\datasets\Alpha_b-5-1\class\Alpha-b-5-18_23.png,bad
C:\Users\clcou\Documents\GitHub\cotton-lumen\detect\..\datasets\Alpha_b-5-1\class\Alpha-b-5-18_24.png,bad
C:\Users\clcou\Documents\GitHub\cotton-lumen\detect\..\datasets\Alpha_b-5-1\class\Alpha-b-5-18_25.png,bad
C:\Users\clcou\Documents\GitHub\cotton-lumen\detect\..\datasets\Alpha_b-5-1\class\Alpha-b-5-18_26.png,bad
C:\Users\clcou\Documents\GitHub\cotton-lumen\detect\..\datasets\Alpha_b-5-1\class\Alpha-b-5-18_27.png,bad
C:\Users\clcou\Documents\GitHub\cotton-lumen\detect\..\datasets\Alpha_b-5-1\class\Alpha-b-5-18_28.png,bad
C:\Users\clcou\Documents\GitHub\cotton-lumen\detect\..\datasets\Alpha_b-5-1\class\Alpha-b-5-18_3.png,bad
C:\Users\clcou\Documents\GitHub\cotton-lumen\detect\..\datasets\Alpha_b-5-1\class\Alpha-b-5-18_30.png,bad
C:\Users\clcou\Documents\GitHub\cotton-lumen\detect\..\datasets\Alpha_b-5-1\class\Alpha-b-5-18_31.png,bad
C:\Users\clcou\Documents\GitHub\cotton-lumen\detect\..\datasets\Alpha_b-5-1\class\Alpha-b-5-18_32.png,bad
C:\Users\clcou\Documents\GitHub\cotton-lumen\detect\..\datasets\Alpha_b-5-1\class\Alpha-b-5-18_33.png,bad
C:\Users\clcou\Documents\GitHub\cotton-lumen\detect\..\datasets\Alpha_b-5-1\class\Alpha-b-5-18_34.png,bad
C:\Users\clcou\Documents\GitHub\cotton-lumen\detect\..\datasets\Alpha_b-5-1\class\Alpha-b-5-18_35.png,bad
C:\Users\clcou\Documents\GitHub\cotton-lumen\detect\..\datasets\Alpha_b-5-1\class\Alpha-b-5-18_36.png,bad
C:\Users\clcou\Documents\GitHub\cotton-lumen\detect\..\datasets\Alpha_b-5-1\class\Alpha-b-5-18_37.png,bad
C:\Users\clcou\Documents\GitHub\cotton-lumen\detect\..\datasets\Alpha_b-5-1\class\Alpha-b-5-18_38.png,bad
C:\Users\clcou\Documents\GitHub\cotton-lumen\detect\..\datasets\Alpha_b-5-1\class\Alpha-b-5-18_39.png,bad
C:\Users\clcou\Documents\GitHub\cotton-lumen\detect\..\datasets\Alpha_b-5-1\class\Alpha-b-5-18_40.png,bad
C:\Users\clcou\Documents\GitHub\cotton-lumen\detect\..\datasets\Alpha_b-5-1\class\Alpha-b-5-18_41.png,bad
C:\Users\clcou\Documents\GitHub\cotton-lumen\detect\..\datasets\Alpha_b-5-1\class\Alpha-b-5-18_42.png,bad
C:\Users\clcou\Documents\GitHub\cotton-lumen\detect\..\datasets\Alpha_b-5-1\class\Alpha-b-5-18_44.png,bad
C:\Users\clcou\Documents\GitHub\cotton-lumen\detect\..\datasets\Alpha_b-5-1\class\Alpha-b-5-18_45.png,bad
C:\Users\clcou\Documents\GitHub\cotton-lumen\detect\..\datasets\Alpha_b-5-1\class\Alpha-b-5-18_46.png,bad
C:\Users\clcou\Documents\GitHub\cotton-lumen\detect\..\datasets\Alpha_b-5-1\class\Alpha-b-5-18_47.png,bad
C:\Users\clcou\Documents\GitHub\cotton-lumen\detect\..\datasets\Alpha_b-5-1\class\Alpha-b-5-18_48.png,bad
C:\Users\clcou\Documents\GitHub\cotton-lumen\detect\..\datasets\Alpha_b-5-1\class\Alpha-b-5-18_49.png,bad
C:\Users\clcou\Documents\GitHub\cotton-lumen\detect\..\datasets\Alpha_b-5-1\class\Alpha-b-5-18_5.png,bad
C:\Users\clcou\Documents\GitHub\cotton-lumen\detect\..\datasets\Alpha_b-5-1\class\Alpha-b-5-18_50.png,bad
C:\Users\clcou\Documents\GitHub\cotton-lumen\detect\..\datasets\Alpha_b-5-1\class\Alpha-b-5-18_51.png,bad
C:\Users\clcou\Documents\GitHub\cotton-lumen\detect\..\datasets\Alpha_b-5-1\class\Alpha-b-5-18_52.png,bad
C:\Users\clcou\Documents\GitHub\cotton-lumen\detect\..\datasets\Alpha_b-5-1\class\Alpha-b-5-18_57.png,bad
C:\Users\clcou\Documents\GitHub\cotton-lumen\detect\..\datasets\Alpha_b-5-1\class\Alpha-b-5-18_58.png,bad
C:\Users\clcou\Documents\GitHub\cotton-lumen\detect\..\datasets\Alpha_b-5-1\class\Alpha-b-5-18_6.png,bad
C:\Users\clcou\Documents\GitHub\cotton-lumen\detect\..\datasets\Alpha_b-5-1\class\Alpha-b-5-18_61.png,bad
C:\Users\clcou\Documents\GitHub\cotton-lumen\detect\..\datasets\Alpha_b-5-1\class\Alpha-b-5-18_62.png,bad
C:\Users\clcou\Documents\GitHub\cotton-lumen\detect\..\datasets\Alpha_b-5-1\class\Alpha-b-5-18_63.png,bad
C:\Users\clcou\Documents\GitHub\cotton-lumen\detect\..\datasets\Alpha_b-5-1\class\Alpha-b-5-18_65.png,bad
C:\Users\clcou\Documents\GitHub\cotton-lumen\detect\..\datasets\Alpha_b-5-1\class\Alpha-b-5-18_67.png,bad
C:\Users\clcou\Documents\GitHub\cotton-lumen\detect\..\datasets\Alpha_b-5-1\class\Alpha-b-5-18_68.png,bad
C:\Users\clcou\Documents\GitHub\cotton-lumen\detect\..\datasets\Alpha_b-5-1\class\Alpha-b-5-18_69.png,bad
C:\Users\clcou\Documents\GitHub\cotton-lumen\detect\..\datasets\Alpha_b-5-1\class\Alpha-b-5-18_70.png,bad
C:\Users\clcou\Documents\GitHub\cotton-lumen\detect\..\datasets\Alpha_b-5-1\class\Alpha-b-5-18_71.png,bad
C:\Users\clcou\Documents\GitHub\cotton-lumen\detect\..\datasets\Alpha_b-5-1\class\Alpha-b-5-18_72.png,bad
C:\Users\clcou\Documents\GitHub\cotton-lumen\detect\..\datasets\Alpha_b-5-1\class\Alpha-b-5-18_73.png,bad
C:\Users\clcou\Documents\GitHub\cotton-lumen\detect\..\datasets\Alpha_b-5-1\class\Alpha-b-5-18_75.png,bad
C:\Users\clcou\Documents\GitHub\cotton-lumen\detect\..\datasets\Alpha_b-5-1\class\Alpha-b-5-18_76.png,bad
C:\Users\clcou\Documents\GitHub\cotton-lumen\detect\..\datasets\Alpha_b-5-1\class\Alpha-b-5-18_77.png,bad
C:\Users\clcou\Documents\GitHub\cotton-lumen\detect\..\datasets\Alpha_b-5-1\class\Alpha-b-5-18_78.png,bad
C:\Users\clcou\Documents\GitHub\cotton-lumen\detect\..\datasets\Alpha_b-5-1\class\Alpha-b-5-18_79.png,bad
C:\Users\clcou\Documents\GitHub\cotton-lumen\detect\..\datasets\Alpha_b-5-1\class\Alpha-b-5-18_82.png,bad
C:\Users\clcou\Documents\GitHub\cotton-lumen\detect\..\datasets\Alpha_b-5-1\class\Alpha-b-5-18_83.png,bad
C:\Users\clcou\Documents\GitHub\cotton-lumen\detect\..\datasets\Alpha_b-5-1\class\Alpha-b-5-18_84.png,bad
C:\Users\clcou\Documents\GitHub\cotton-lumen\detect\..\datasets\Alpha_b-5-1\class\Alpha-b-5-18_85.png,bad
C:\Users\clcou\Documents\GitHub\cotton-lumen\detect\..\datasets\Alpha_b-5-1\class\Alpha-b-5-18_9.png,bad
C:\Users\clcou\Documents\GitHub\cotton-lumen\detect\..\datasets\Alpha_b-5-1\class\Alpha-b-5-19_0.png,bad
C:\Users\clcou\Documents\GitHub\cotton-lumen\detect\..\datasets\Alpha_b-5-1\class\Alpha-b-5-19_10.png,bad
C:\Users\clcou\Documents\GitHub\cotton-lumen\detect\..\datasets\Alpha_b-5-1\class\Alpha-b-5-19_11.png,bad
C:\Users\clcou\Documents\GitHub\cotton-lumen\detect\..\datasets\Alpha_b-5-1\class\Alpha-b-5-19_12.png,bad
C:\Users\clcou\Documents\GitHub\cotton-lumen\detect\..\datasets\Alpha_b-5-1\class\Alpha-b-5-19_14.png,bad
C:\Users\clcou\Documents\GitHub\cotton-lumen\detect\..\datasets\Alpha_b-5-1\class\Alpha-b-5-19_15.png,bad
C:\Users\clcou\Documents\GitHub\cotton-lumen\detect\..\datasets\Alpha_b-5-1\class\Alpha-b-5-19_16.png,bad
C:\Users\clcou\Documents\GitHub\cotton-lumen\detect\..\datasets\Alpha_b-5-1\class\Alpha-b-5-19_17.png,bad
C:\Users\clcou\Documents\GitHub\cotton-lumen\detect\..\datasets\Alpha_b-5-1\class\Alpha-b-5-19_18.png,bad
C:\Users\clcou\Documents\GitHub\cotton-lumen\detect\..\datasets\Alpha_b-5-1\class\Alpha-b-5-19_20.png,bad
C:\Users\clcou\Documents\GitHub\cotton-lumen\detect\..\datasets\Alpha_b-5-1\class\Alpha-b-5-19_21.png,bad
C:\Users\clcou\Documents\GitHub\cotton-lumen\detect\..\datasets\Alpha_b-5-1\class\Alpha-b-5-19_22.png,bad
C:\Users\clcou\Documents\GitHub\cotton-lumen\detect\..\datasets\Alpha_b-5-1\class\Alpha-b-5-19_23.png,bad
C:\Users\clcou\Documents\GitHub\cotton-lumen\detect\..\datasets\Alpha_b-5-1\class\Alpha-b-5-19_24.png,bad
C:\Users\clcou\Documents\GitHub\cotton-lumen\detect\..\datasets\Alpha_b-5-1\class\Alpha-b-5-19_25.png,bad
C:\Users\clcou\Documents\GitHub\cotton-lumen\detect\..\datasets\Alpha_b-5-1\class\Alpha-b-5-19_27.png,bad
C:\Users\clcou\Documents\GitHub\cotton-lumen\detect\..\datasets\Alpha_b-5-1\class\Alpha-b-5-19_28.png,bad
C:\Users\clcou\Documents\GitHub\cotton-lumen\detect\..\datasets\Alpha_b-5-1\class\Alpha-b-5-19_29.png,bad
C:\Users\clcou\Documents\GitHub\cotton-lumen\detect\..\datasets\Alpha_b-5-1\class\Alpha-b-5-19_3.png,bad
C:\Users\clcou\Documents\GitHub\cotton-lumen\detect\..\datasets\Alpha_b-5-1\class\Alpha-b-5-19_31.png,bad
C:\Users\clcou\Documents\GitHub\cotton-lumen\detect\..\datasets\Alpha_b-5-1\class\Alpha-b-5-19_32.png,bad
C:\Users\clcou\Documents\GitHub\cotton-lumen\detect\..\datasets\Alpha_b-5-1\class\Alpha-b-5-19_34.png,bad
C:\Users\clcou\Documents\GitHub\cotton-lumen\detect\..\datasets\Alpha_b-5-1\class\Alpha-b-5-19_35.png,bad
C:\Users\clcou\Documents\GitHub\cotton-lumen\detect\..\datasets\Alpha_b-5-1\class\Alpha-b-5-19_36.png,bad
C:\Users\clcou\Documents\GitHub\cotton-lumen\detect\..\datasets\Alpha_b-5-1\class\Alpha-b-5-19_37.png,bad
C:\Users\clcou\Documents\GitHub\cotton-lumen\detect\..\datasets\Alpha_b-5-1\class\Alpha-b-5-19_38.png,bad
C:\Users\clcou\Documents\GitHub\cotton-lumen\detect\..\datasets\Alpha_b-5-1\class\Alpha-b-5-19_4.png,bad
C:\Users\clcou\Documents\GitHub\cotton-lumen\detect\..\datasets\Alpha_b-5-1\class\Alpha-b-5-19_40.png,bad
C:\Users\clcou\Documents\GitHub\cotton-lumen\detect\..\datasets\Alpha_b-5-1\class\Alpha-b-5-19_41.png,bad
C:\Users\clcou\Documents\GitHub\cotton-lumen\detect\..\datasets\Alpha_b-5-1\class\Alpha-b-5-19_44.png,bad
C:\Users\clcou\Documents\GitHub\cotton-lumen\detect\..\datasets\Alpha_b-5-1\class\Alpha-b-5-19_45.png,bad
C:\Users\clcou\Documents\GitHub\cotton-lumen\detect\..\datasets\Alpha_b-5-1\class\Alpha-b-5-19_46.png,bad
C:\Users\clcou\Documents\GitHub\cotton-lumen\detect\..\datasets\Alpha_b-5-1\class\Alpha-b-5-19_48.png,bad
C:\Users\clcou\Documents\GitHub\cotton-lumen\detect\..\datasets\Alpha_b-5-1\class\Alpha-b-5-19_49.png,bad
C:\Users\clcou\Documents\GitHub\cotton-lumen\detect\..\datasets\Alpha_b-5-1\class\Alpha-b-5-19_5.png,bad
C:\Users\clcou\Documents\GitHub\cotton-lumen\detect\..\datasets\Alpha_b-5-1\class\Alpha-b-5-19_50.png,bad
C:\Users\clcou\Documents\GitHub\cotton-lumen\detect\..\datasets\Alpha_b-5-1\class\Alpha-b-5-19_54.png,bad
C:\Users\clcou\Documents\GitHub\cotton-lumen\detect\..\datasets\Alpha_b-5-1\class\Alpha-b-5-19_55.png,bad
C:\Users\clcou\Documents\GitHub\cotton-lumen\detect\..\datasets\Alpha_b-5-1\class\Alpha-b-5-19_56.png,bad
C:\Users\clcou\Documents\GitHub\cotton-lumen\detect\..\datasets\Alpha_b-5-1\class\Alpha-b-5-19_57.png,bad
C:\Users\clcou\Documents\GitHub\cotton-lumen\detect\..\datasets\Alpha_b-5-1\class\Alpha-b-5-19_58.png,bad
C:\Users\clcou\Documents\GitHub\cotton-lumen\detect\..\datasets\Alpha_b-5-1\class\Alpha-b-5-19_59.png,bad
C:\Users\clcou\Documents\GitHub\cotton-lumen\detect\..\datasets\Alpha_b-5-1\class\Alpha-b-5-19_6.png,bad
C:\Users\clcou\Documents\GitHub\cotton-lumen\detect\..\datasets\Alpha_b-5-1\class\Alpha-b-5-19_61.png,bad
C:\Users\clcou\Documents\GitHub\cotton-lumen\detect\..\datasets\Alpha_b-5-1\class\Alpha-b-5-19_7.png,bad
C:\Users\clcou\Documents\GitHub\cotton-lumen\detect\..\datasets\Alpha_b-5-1\class\Alpha-b-5-19_8.png,bad
